id,commit,n_test,n_success,n_failures,n_errors,n_skipped,n_days
0,f10733ce,0,0,0,0,0,5670
1,03f4fd7d,0,0,0,0,0,5670
2,d5076feb,0,0,0,0,0,5670
3,45faf4c1,0,0,0,0,0,5670
4,0c144968,0,0,0,0,0,5670
5,bed4d15b,0,0,0,0,0,5670
6,605aaaa7,0,0,0,0,0,5670
7,3ad3fd64,0,0,0,0,0,5620
8,d4fd1384,0,0,0,0,0,5561
9,537bdb10,0,0,0,0,0,5533
10,490989c3,0,0,0,0,0,5533
11,ef94bc73,0,0,0,0,0,5533
12,63f3ec64,0,0,0,0,0,5533
13,6d220e32,0,0,0,0,0,5533
14,89bf2660,0,0,0,0,0,5533
15,bdbd032f,0,0,0,0,0,5530
16,b4a82062,0,0,0,0,0,5530
17,9166e32b,0,0,0,0,0,5526
18,020ec501,0,0,0,0,0,5526
19,5fb29270,0,0,0,0,0,5526
20,79c1a483,0,0,0,0,0,5526
21,41c44857,0,0,0,0,0,5515
22,27e00424,0,0,0,0,0,5515
23,8fd96e3a,0,0,0,0,0,5512
24,134c37f2,0,0,0,0,0,5512
25,b7476807,0,0,0,0,0,5512
26,841549ce,0,0,0,0,0,5512
27,227e13de,0,0,0,0,0,5512
28,bee0ca11,0,0,0,0,0,5512
29,4c3e71e6,0,0,0,0,0,5512
30,7d7da3d6,0,0,0,0,0,5512
31,cd657a49,0,0,0,0,0,5512
32,53606897,0,0,0,0,0,5492
33,5eeb07c8,0,0,0,0,0,5484
34,4515632b,0,0,0,0,0,5484
35,d9186337,0,0,0,0,0,5481
36,a7302e62,0,0,0,0,0,5480
37,370b72bd,0,0,0,0,0,5480
38,69e04457,0,0,0,0,0,5477
39,88665f3e,0,0,0,0,0,5477
40,b0357c03,0,0,0,0,0,5477
41,0af06cd4,0,0,0,0,0,5476
42,85e0dcac,0,0,0,0,0,5413
43,8de8066f,0,0,0,0,0,5413
44,5e97770d,0,0,0,0,0,5401
45,3ef2aa5d,0,0,0,0,0,5388
46,e6492548,0,0,0,0,0,5388
47,c78f7920,0,0,0,0,0,5388
48,3a1b2a6d,0,0,0,0,0,5388
49,2801404f,0,0,0,0,0,5388
50,630148eb,0,0,0,0,0,5388
51,61f0758c,0,0,0,0,0,5388
52,5367b431,0,0,0,0,0,5388
53,0ce0dbaa,0,0,0,0,0,5344
54,e9f86cb2,0,0,0,0,0,5318
55,f2260d22,0,0,0,0,0,5318
56,2c48177a,0,0,0,0,0,5314
57,87ae8567,0,0,0,0,0,5314
58,c76c1a0d,0,0,0,0,0,5314
59,62482e14,0,0,0,0,0,5314
60,af6f1134,0,0,0,0,0,5314
61,dd9500e0,0,0,0,0,0,5312
62,81e5ce2d,0,0,0,0,0,5312
63,648b815f,0,0,0,0,0,5304
64,fc009509,0,0,0,0,0,5298
65,661ee70c,0,0,0,0,0,5292
66,36c082fd,0,0,0,0,0,5292
67,4c842590,0,0,0,0,0,5292
68,ceb4ed1d,0,0,0,0,0,5292
69,4fe52a15,0,0,0,0,0,5291
70,61220f8a,0,0,0,0,0,5290
71,d35c9355,0,0,0,0,0,5290
72,fe3d1bfb,0,0,0,0,0,5290
73,d451fc4f,0,0,0,0,0,5282
74,785f3406,0,0,0,0,0,5281
75,613fb522,0,0,0,0,0,5281
76,3d8d85a9,0,0,0,0,0,5275
77,43601a50,0,0,0,0,0,5275
78,1304c985,0,0,0,0,0,5275
79,26fd5461,0,0,0,0,0,5275
80,fcc94427,0,0,0,0,0,5274
81,b5a4cb74,0,0,0,0,0,5274
82,dff91540,0,0,0,0,0,5274
83,694da1f8,0,0,0,0,0,5274
84,a0711fb6,0,0,0,0,0,5274
85,813eeeb0,0,0,0,0,0,5269
86,8816f2ee,0,0,0,0,0,5269
87,0f68582b,0,0,0,0,0,5268
88,cf5f12ea,0,0,0,0,0,5268
89,d8a3a0b5,0,0,0,0,0,5268
90,7bb7a457,0,0,0,0,0,5268
91,ec7c0556,0,0,0,0,0,5267
92,787b02f7,0,0,0,0,0,5267
93,026725e2,0,0,0,0,0,5267
94,79287999,0,0,0,0,0,5262
95,fd0adccf,0,0,0,0,0,5259
96,ddc1b61f,0,0,0,0,0,5259
97,e3c171ac,0,0,0,0,0,5259
98,7e49b65c,0,0,0,0,0,5259
99,e9b784a8,0,0,0,0,0,5259
100,fa518c83,0,0,0,0,0,5259
101,6b2feac6,0,0,0,0,0,5259
102,dc2b5d84,0,0,0,0,0,5259
103,da98973e,0,0,0,0,0,5258
104,4205d7ad,0,0,0,0,0,5258
105,29ede446,0,0,0,0,0,5256
106,64dac236,0,0,0,0,0,5256
107,a72fc9c4,0,0,0,0,0,5255
108,7d2d2f47,0,0,0,0,0,5255
109,b30a0622,0,0,0,0,0,5254
110,dfd86e26,0,0,0,0,0,5254
111,b8e6a055,0,0,0,0,0,5254
112,d41a365b,0,0,0,0,0,5254
113,6d72866b,0,0,0,0,0,5254
114,6314be66,0,0,0,0,0,5254
115,9ce698c4,0,0,0,0,0,5253
116,12d50dda,0,0,0,0,0,5253
117,486dd149,0,0,0,0,0,5247
118,1c10f5e3,0,0,0,0,0,5247
119,0eb8e5cf,0,0,0,0,0,5247
120,41916e4d,0,0,0,0,0,5246
121,b9cc4359,0,0,0,0,0,5246
122,85f44258,0,0,0,0,0,5246
123,fe62d729,0,0,0,0,0,5246
124,6175558f,0,0,0,0,0,5246
125,7f2fad23,0,0,0,0,0,5246
126,bd3314ae,0,0,0,0,0,5246
127,2f777ced,0,0,0,0,0,5245
128,01f87fd8,0,0,0,0,0,5245
129,9a201ac1,0,0,0,0,0,5245
130,688e6017,0,0,0,0,0,5245
131,0d09aafa,0,0,0,0,0,5245
132,924f8ddf,0,0,0,0,0,5244
133,a21767dc,0,0,0,0,0,5244
134,1b6d7ea2,0,0,0,0,0,5243
135,79f6658f,0,0,0,0,0,5243
136,93fa6c7d,0,0,0,0,0,5243
137,804d75f2,0,0,0,0,0,5243
138,8055c100,0,0,0,0,0,5243
139,6c68de54,0,0,0,0,0,5242
140,0f50e55b,0,0,0,0,0,5240
141,f8772279,0,0,0,0,0,5239
142,674c2801,0,0,0,0,0,5239
143,e96c1657,0,0,0,0,0,5239
144,966e0fd8,0,0,0,0,0,5239
145,bbeb59c5,0,0,0,0,0,5239
146,9be91137,0,0,0,0,0,5219
147,b94236fa,0,0,0,0,0,5198
148,4ff37c9c,0,0,0,0,0,5198
149,a86b2d75,0,0,0,0,0,5196
150,f9ff925e,0,0,0,0,0,5196
151,ab199c35,0,0,0,0,0,5195
152,25afa68f,0,0,0,0,0,5194
153,31d1001b,0,0,0,0,0,5194
154,919eeb29,0,0,0,0,0,5194
155,134b0bf0,0,0,0,0,0,5193
156,1554373c,0,0,0,0,0,5193
157,d502620e,0,0,0,0,0,5193
158,a98e1f66,0,0,0,0,0,5193
159,254de778,0,0,0,0,0,5192
160,58113ab7,0,0,0,0,0,5192
161,d64edda9,0,0,0,0,0,5192
162,48c6f17b,0,0,0,0,0,5192
163,04d43a0d,0,0,0,0,0,5192
164,765bbc39,0,0,0,0,0,5192
165,6802e380,0,0,0,0,0,5183
166,4fc15c9a,0,0,0,0,0,5183
167,62b67ba1,0,0,0,0,0,5182
168,8b36eecb,0,0,0,0,0,5177
169,16707c22,0,0,0,0,0,5176
170,9fb97848,0,0,0,0,0,5176
171,7cda278c,0,0,0,0,0,5172
172,55c1c75b,0,0,0,0,0,5172
173,0a8b3be7,0,0,0,0,0,5171
174,47cad596,0,0,0,0,0,5170
175,d6159be5,0,0,0,0,0,5170
176,060a8453,0,0,0,0,0,5170
177,79402cc1,0,0,0,0,0,5169
178,61ca72ce,0,0,0,0,0,5169
179,4a6d656e,0,0,0,0,0,5169
180,c3dcd765,0,0,0,0,0,5168
181,16615aa2,0,0,0,0,0,5168
182,08487a18,0,0,0,0,0,5168
183,abe4a3e9,0,0,0,0,0,5167
184,c2bebe8f,0,0,0,0,0,5166
185,3ff9c311,0,0,0,0,0,5164
186,9a534e7e,0,0,0,0,0,5164
187,c04bd63e,0,0,0,0,0,5163
188,e7f0a20c,0,0,0,0,0,5163
189,69fa4fa7,0,0,0,0,0,5162
190,d3fee309,0,0,0,0,0,5162
191,37598982,0,0,0,0,0,5162
192,4f218738,0,0,0,0,0,5162
193,c82115dd,0,0,0,0,0,5161
194,829caee0,0,0,0,0,0,5159
195,03cc12fa,0,0,0,0,0,5159
196,5ccb548a,0,0,0,0,0,5158
197,f136fddc,0,0,0,0,0,5158
198,123cc0b7,0,0,0,0,0,5158
199,c5022e9f,0,0,0,0,0,5157
200,2dc964ae,0,0,0,0,0,5156
201,7f12408b,0,0,0,0,0,5156
202,2bd467f0,0,0,0,0,0,5155
203,7f4b4d2c,0,0,0,0,0,5155
204,d54f742c,0,0,0,0,0,5155
205,e27184ff,0,0,0,0,0,5155
206,5f64a941,0,0,0,0,0,5154
207,b19d19e5,0,0,0,0,0,5154
208,6132eab6,0,0,0,0,0,5154
209,65ccbdc8,0,0,0,0,0,5154
210,cbdfa305,0,0,0,0,0,5149
211,c61c1a04,0,0,0,0,0,5149
212,942bff97,0,0,0,0,0,5148
213,d0a973d3,0,0,0,0,0,5147
214,53e40635,0,0,0,0,0,5147
215,7813fd11,0,0,0,0,0,5147
216,c883d7d4,0,0,0,0,0,5147
217,598c7ac8,0,0,0,0,0,5142
218,672bf841,0,0,0,0,0,5141
219,0d962274,0,0,0,0,0,5138
220,ecefd447,0,0,0,0,0,5134
221,a0faec6c,0,0,0,0,0,5129
222,be3c4732,0,0,0,0,0,5127
223,d34ee9f9,0,0,0,0,0,5127
224,cca8a233,0,0,0,0,0,5127
225,848ff6f6,0,0,0,0,0,5127
226,0f012845,0,0,0,0,0,5127
227,3fc997fb,0,0,0,0,0,5121
228,e8ca9b1d,0,0,0,0,0,5121
229,70e32c65,0,0,0,0,0,5121
230,84168a15,0,0,0,0,0,5121
231,5847e1f6,0,0,0,0,0,5121
232,8f281588,0,0,0,0,0,5114
233,3fb3b857,0,0,0,0,0,5113
234,70e93127,0,0,0,0,0,5113
235,2563e6e1,0,0,0,0,0,5113
236,2dbe8c35,0,0,0,0,0,5113
237,545f1c40,0,0,0,0,0,5113
238,44aa3d34,0,0,0,0,0,5113
239,e31743c3,0,0,0,0,0,5112
240,31e90292,212,212,0,0,0,5112
241,668c8c99,212,212,0,0,0,5108
242,553a1b4c,212,212,0,0,0,5108
243,8e2f1928,212,212,0,0,0,5108
244,ba3da55d,212,212,0,0,0,5108
245,ef0368e4,212,212,0,0,0,5108
246,2bb2e2b4,212,212,0,0,0,5107
247,0c97d4aa,212,212,0,0,0,5107
248,c8c831bf,212,212,0,0,0,5107
249,47a7966a,212,212,0,0,0,5107
250,79f250d8,212,212,0,0,0,5107
251,6034c35e,212,212,0,0,0,5107
252,77841208,212,212,0,0,0,5106
253,ee814d14,212,212,0,0,0,5106
254,b1a5b1e3,212,212,0,0,0,5106
255,dfeee678,212,212,0,0,0,5105
256,ebbc30a9,212,212,0,0,0,5105
257,a5709211,212,212,0,0,0,5105
258,0c655260,212,212,0,0,0,5105
259,8886fbca,212,212,0,0,0,5105
260,377178bd,212,212,0,0,0,5104
261,c053c6f9,212,212,0,0,0,5104
262,a54f729d,217,217,0,0,0,5104
263,25797763,217,217,0,0,0,5104
264,dcb1753b,217,217,0,0,0,5104
265,851cd627,217,217,0,0,0,5104
266,ffc73ba4,217,217,0,0,0,5103
267,10d199b5,217,217,0,0,0,5103
268,0a7a2b6c,217,217,0,0,0,5103
269,fc9772e6,217,217,0,0,0,5103
270,1c518245,217,217,0,0,0,5103
271,3f02535b,220,220,0,0,0,5103
272,1e5ff31b,224,224,0,0,0,5103
273,2046a83c,224,224,0,0,0,5103
274,38f23316,224,224,0,0,0,5101
275,54a5a141,224,224,0,0,0,5100
276,2b8720b5,224,224,0,0,0,5100
277,bfb47ec9,224,224,0,0,0,5095
278,5a90e4a0,0,0,0,0,0,5095
279,5f99e691,0,0,0,0,0,5095
280,d4862a91,0,0,0,0,0,5094
281,fd538510,0,0,0,0,0,5094
282,826d674e,0,0,0,0,0,5094
283,46270b74,0,0,0,0,0,5094
284,881bd9c9,0,0,0,0,0,5094
285,1ed3733d,0,0,0,0,0,5094
286,329a7c3f,0,0,0,0,0,5094
287,7ea84c4b,0,0,0,0,0,5094
288,c4a95835,0,0,0,0,0,5094
289,aee71613,0,0,0,0,0,5093
290,087401fd,0,0,0,0,0,5093
291,83273bbe,0,0,0,0,0,5093
292,8621fbf2,0,0,0,0,0,5093
293,906f2200,0,0,0,0,0,5093
294,5bf5f124,0,0,0,0,0,5093
295,1de25440,0,0,0,0,0,5093
296,09815049,0,0,0,0,0,5093
297,e7e4c614,0,0,0,0,0,5093
298,bdeb8786,0,0,0,0,0,5092
299,6d36b3aa,0,0,0,0,0,5092
300,3c5e2e64,0,0,0,0,0,5092
301,d035d4d2,0,0,0,0,0,5091
302,86dea0d4,0,0,0,0,0,5091
303,82b3d0af,0,0,0,0,0,5091
304,8055cd18,0,0,0,0,0,5091
305,5c4de73f,0,0,0,0,0,5091
306,04b5ca71,0,0,0,0,0,5091
307,975a559d,0,0,0,0,0,5088
308,0f619bb8,0,0,0,0,0,5088
309,f55546eb,0,0,0,0,0,5088
310,1e069c9b,0,0,0,0,0,5088
311,507b7064,0,0,0,0,0,5088
312,283a11b6,0,0,0,0,0,5088
313,f37224cd,0,0,0,0,0,5087
314,eb1e575d,0,0,0,0,0,5087
315,0ea47bc2,0,0,0,0,0,5087
316,76c21530,0,0,0,0,0,5084
317,782fd75b,0,0,0,0,0,5084
318,6431580e,0,0,0,0,0,5084
319,3476e5f3,0,0,0,0,0,5084
320,6475dd23,0,0,0,0,0,5079
321,b88791b4,0,0,0,0,0,5076
322,29d8c269,0,0,0,0,0,5072
323,532fddb7,0,0,0,0,0,5072
324,d815670d,0,0,0,0,0,5062
325,1bbbd79a,0,0,0,0,0,5062
326,b3410708,0,0,0,0,0,5058
327,31b18a4b,0,0,0,0,0,5057
328,31de8d1d,0,0,0,0,0,5057
329,d1173057,0,0,0,0,0,5057
330,63c5064f,0,0,0,0,0,5052
331,2084e14a,0,0,0,0,0,5051
332,8325bfe2,0,0,0,0,0,5048
333,017fad65,0,0,0,0,0,5044
334,7738386c,0,0,0,0,0,5044
335,efe4b9c9,0,0,0,0,0,5044
336,8dbfedcf,0,0,0,0,0,5044
337,260091f9,0,0,0,0,0,5044
338,e06ad24e,0,0,0,0,0,5043
339,4c696dcc,0,0,0,0,0,5036
340,7ef4e486,0,0,0,0,0,5036
341,3035ff2e,0,0,0,0,0,5036
342,7842392c,0,0,0,0,0,5036
343,c67d2fc6,0,0,0,0,0,5036
344,5d5b2fa4,0,0,0,0,0,5030
345,a9722d70,0,0,0,0,0,5030
346,8f3f51e3,0,0,0,0,0,5030
347,d8d769db,0,0,0,0,0,5030
348,1ccb1cfc,0,0,0,0,0,5030
349,51ed99f3,0,0,0,0,0,5030
350,4d649f9b,0,0,0,0,0,5030
351,05e03b6a,0,0,0,0,0,5030
352,7edb8cc4,0,0,0,0,0,5025
353,e033a99d,0,0,0,0,0,5023
354,25a90632,0,0,0,0,0,5023
355,b73cd6c0,0,0,0,0,0,5019
356,50179d90,0,0,0,0,0,5018
357,4f153b3e,0,0,0,0,0,5018
358,e6d76b27,0,0,0,0,0,5016
359,3bd51e81,0,0,0,0,0,5015
360,c0a972f9,0,0,0,0,0,5015
361,8ad4cebc,0,0,0,0,0,5015
362,d7a751cf,0,0,0,0,0,5015
363,52b28593,0,0,0,0,0,5015
364,fe1fa7cd,0,0,0,0,0,5015
365,3e8a5f68,0,0,0,0,0,5013
366,19e02992,0,0,0,0,0,5011
367,e215891d,0,0,0,0,0,5011
368,b0f91905,292,292,0,0,0,5008
369,bf541ba1,292,292,0,0,0,5004
370,13124872,292,292,0,0,0,5003
371,a8e87597,292,292,0,0,0,4998
372,e445d721,292,292,0,0,0,4994
373,243769a6,293,293,0,0,0,4993
374,fdeae16e,293,293,0,0,0,4992
375,c3aaaef0,293,293,0,0,0,4992
376,47ed4116,293,293,0,0,0,4992
377,47b1f3e3,293,293,0,0,0,4992
378,64a81d6f,293,293,0,0,0,4992
379,3ff047a1,293,293,0,0,0,4991
380,a0578f10,293,293,0,0,0,4991
381,8724e373,293,293,0,0,0,4989
382,cc8ede71,293,293,0,0,0,4989
383,c3ba0037,293,293,0,0,0,4989
384,1564243b,293,293,0,0,0,4989
385,8616ef1a,293,293,0,0,0,4987
386,3ddce358,294,294,0,0,0,4977
387,a543fc4f,0,0,0,0,0,4974
388,c7b26a64,0,0,0,0,0,4972
389,87ff8971,0,0,0,0,0,4951
390,3337029c,0,0,0,0,0,4950
391,89ffb0f7,0,0,0,0,0,4950
392,86f8cd74,0,0,0,0,0,4950
393,d12f607b,0,0,0,0,0,4950
394,34d72d93,0,0,0,0,0,4949
395,f4d2074d,0,0,0,0,0,4949
396,0603fc9f,0,0,0,0,0,4949
397,7477aa30,0,0,0,0,0,4949
398,4d8e7981,0,0,0,0,0,4948
399,08bf8e8e,0,0,0,0,0,4948
400,b62ae8fc,0,0,0,0,0,4948
401,baf3239a,0,0,0,0,0,4948
402,be0227d7,0,0,0,0,0,4948
403,6d57a9d5,0,0,0,0,0,4948
404,92a3847e,0,0,0,0,0,4948
405,389cd303,0,0,0,0,0,4948
406,c86b3b02,0,0,0,0,0,4948
407,494daec5,0,0,0,0,0,4948
408,8941651d,0,0,0,0,0,4947
409,289c793a,0,0,0,0,0,4947
410,f1f1a7a7,0,0,0,0,0,4947
411,d417db6b,0,0,0,0,0,4946
412,2370dc5f,0,0,0,0,0,4946
413,f696e1f6,0,0,0,0,0,4946
414,96c6041a,0,0,0,0,0,4945
415,8d6052ed,0,0,0,0,0,4944
416,30d4733d,0,0,0,0,0,4944
417,8055c084,0,0,0,0,0,4944
418,7156b097,0,0,0,0,0,4944
419,78f79461,0,0,0,0,0,4944
420,52cb8d3d,0,0,0,0,0,4940
421,789bc843,0,0,0,0,0,4940
422,2016962d,0,0,0,0,0,4940
423,8ea6827d,0,0,0,0,0,4940
424,ac6366dd,0,0,0,0,0,4940
425,2f98b75e,0,0,0,0,0,4939
426,298a1632,0,0,0,0,0,4939
427,e127f227,0,0,0,0,0,4939
428,18fc621d,0,0,0,0,0,4939
429,2403daf2,0,0,0,0,0,4933
430,2e6c2957,0,0,0,0,0,4933
431,caf0b105,0,0,0,0,0,4933
432,a453692c,0,0,0,0,0,4933
433,7a2a85f2,0,0,0,0,0,4933
434,54098418,0,0,0,0,0,4932
435,6830f05a,0,0,0,0,0,4932
436,7ec73421,0,0,0,0,0,4932
437,d1a4c2ce,0,0,0,0,0,4932
438,1d3425c2,0,0,0,0,0,4932
439,98e8713c,0,0,0,0,0,4932
440,e0bde6fc,0,0,0,0,0,4931
441,5d43cf9a,0,0,0,0,0,4928
442,df7397bb,0,0,0,0,0,4928
443,df9d1ddc,0,0,0,0,0,4925
444,25e8fa8d,0,0,0,0,0,4924
445,931953f7,0,0,0,0,0,4924
446,f9db56ca,0,0,0,0,0,4924
447,22cbf65e,0,0,0,0,0,4923
448,74f349b0,0,0,0,0,0,4923
449,33498f87,0,0,0,0,0,4922
450,96f2c55a,0,0,0,0,0,4921
451,57099492,0,0,0,0,0,4920
452,dfffbc9a,0,0,0,0,0,4920
453,bcc28484,0,0,0,0,0,4910
454,8a300abe,0,0,0,0,0,4910
455,6e68e5ec,0,0,0,0,0,4909
456,f3ced255,0,0,0,0,0,4909
457,c8dd44d9,313,313,0,0,0,4907
458,7c4f0f14,313,313,0,0,0,4906
459,d605c403,313,313,0,0,0,4906
460,49ba9e65,313,313,0,0,0,4905
461,da00b071,313,313,0,0,0,4903
462,2e1fbaf5,313,313,0,0,0,4903
463,8328d009,313,313,0,0,0,4900
464,dc8f6d4a,313,313,0,0,0,4900
465,275d00cb,313,313,0,0,0,4900
466,aa59688e,313,313,0,0,0,4900
467,291da570,313,313,0,0,0,4900
468,3fd74f63,313,313,0,0,0,4899
469,91f7ef4c,313,313,0,0,0,4899
470,632bf9ab,313,313,0,0,0,4899
471,31488a02,313,313,0,0,0,4899
472,8c73effc,313,313,0,0,0,4899
473,2cc28186,313,313,0,0,0,4899
474,9b592fd9,313,313,0,0,0,4899
475,a35fcba1,313,313,0,0,0,4898
476,549cb86b,313,313,0,0,0,4898
477,27f4cee3,313,313,0,0,0,4898
478,08f2e11f,313,313,0,0,0,4898
479,9eb66c7f,313,313,0,0,0,4898
480,799365d0,313,313,0,0,0,4898
481,c9535891,313,313,0,0,0,4898
482,553a26bc,313,313,0,0,0,4898
483,430d7d10,313,313,0,0,0,4898
484,13d6dc3d,313,313,0,0,0,4898
485,8c08ae31,313,313,0,0,0,4898
486,6d1391a3,313,313,0,0,0,4897
487,0f561bdf,313,313,0,0,0,4897
488,d3353f00,313,313,0,0,0,4896
489,3fc63457,313,313,0,0,0,4896
490,38761e7e,315,315,0,0,0,4896
491,6963674c,315,315,0,0,0,4896
492,1892a783,316,316,0,0,0,4896
493,b0dc5a5d,318,318,0,0,0,4895
494,55ffbe1b,319,319,0,0,0,4895
495,3dde3cc9,319,319,0,0,0,4895
496,137da820,319,319,0,0,0,4895
497,4f6599c9,319,319,0,0,0,4895
498,0be7a714,319,319,0,0,0,4895
499,f1a61523,319,319,0,0,0,4895
500,5349fe9f,319,319,0,0,0,4895
501,29535505,319,319,0,0,0,4895
502,a0e35d85,319,319,0,0,0,4895
503,1161846a,319,319,0,0,0,4895
504,634f7c49,319,319,0,0,0,4895
505,aa020a5c,319,319,0,0,0,4893
506,51396fcf,319,319,0,0,0,4892
507,2d0496fd,319,319,0,0,0,4892
508,7c53de5b,320,320,0,0,0,4892
509,be68c86f,320,320,0,0,0,4892
510,8f6510cc,320,320,0,0,0,4891
511,088cafde,320,320,0,0,0,4890
512,2c2dd57f,320,320,0,0,0,4889
513,a9550290,320,320,0,0,0,4889
514,9d186cf1,320,320,0,0,0,4888
515,9de958dc,330,330,0,0,0,4888
516,72ec65e6,330,330,0,0,0,4888
517,be5a10ea,330,329,1,0,0,4888
518,9c602ede,330,330,0,0,0,4888
519,fb02238b,330,329,1,0,0,4887
520,b6f3d188,330,329,1,0,0,4887
521,203da55b,330,330,0,0,0,4887
522,d7201628,330,330,0,0,0,4886
523,c37994ff,330,330,0,0,0,4886
524,44cb5c03,330,330,0,0,0,4886
525,bc603bde,330,330,0,0,0,4884
526,e61b6b59,330,329,1,0,0,4882
527,1fd17159,330,330,0,0,0,4882
528,000444c9,330,330,0,0,0,4881
529,fea964b8,330,329,1,0,0,4879
530,5a7748fe,330,330,0,0,0,4879
531,0c1a3849,330,329,1,0,0,4879
532,01b3df6b,330,330,0,0,0,4879
533,e2fd2255,330,330,0,0,0,4879
534,56c95ada,330,330,0,0,0,4879
535,49021f33,330,330,0,0,0,4879
536,30e15edc,330,330,0,0,0,4879
537,898a8edc,330,330,0,0,0,4876
538,a42e4de1,330,330,0,0,0,4876
539,63035b08,330,330,0,0,0,4874
540,b055442d,330,330,0,0,0,4872
541,64abe1e5,330,330,0,0,0,4872
542,a24d0b2d,330,330,0,0,0,4871
543,2588e162,330,330,0,0,0,4870
544,8f539125,330,330,0,0,0,4870
545,f25c8c1f,330,330,0,0,0,4862
546,c84d594f,330,330,0,0,0,4860
547,1e153a50,332,332,0,0,0,4852
548,a72e883d,335,335,0,0,0,4851
549,c51f3a98,335,335,0,0,0,4849
550,97bb41b6,338,338,0,0,0,4849
551,5956d0ed,338,338,0,0,0,4845
552,4b3b19a8,338,338,0,0,0,4838
553,e1ac2756,338,338,0,0,0,4834
554,e8923010,338,338,0,0,0,4834
555,fa366c55,338,338,0,0,0,4834
556,f2ef6c15,340,340,0,0,0,4831
557,21705fdb,340,340,0,0,0,4831
558,47eff415,340,340,0,0,0,4831
559,168a699a,340,340,0,0,0,4831
560,987b1cab,340,340,0,0,0,4831
561,42d9c4e3,340,340,0,0,0,4831
562,8ff6eedd,340,340,0,0,0,4830
563,824b785a,340,340,0,0,0,4829
564,bc6b2d70,338,338,0,0,0,4825
565,ffa55f8e,338,338,0,0,0,4825
566,608a6e67,338,338,0,0,0,4824
567,bfbc2e00,338,338,0,0,0,4823
568,5a08148d,338,338,0,0,0,4823
569,2b912012,338,338,0,0,0,4822
570,ad9e79c4,340,340,0,0,0,4822
571,d3205ff5,340,340,0,0,0,4822
572,ef548b46,340,340,0,0,0,4822
573,e2eb3558,341,341,0,0,0,4818
574,374228c5,341,341,0,0,0,4818
575,56baf77b,341,341,0,0,0,4816
576,e487e799,341,341,0,0,0,4816
577,769484f7,341,341,0,0,0,4816
578,e418175d,345,345,0,0,0,4813
579,67c67040,345,345,0,0,0,4813
580,f8d37586,345,345,0,0,0,4813
581,9b3fc0bc,345,345,0,0,0,4813
582,33412bae,345,345,0,0,0,4813
583,ff219038,345,345,0,0,0,4813
584,e9f73a72,345,345,0,0,0,4812
585,4134be62,345,345,0,0,0,4812
586,bdfd6701,345,345,0,0,0,4810
587,4419c91e,345,345,0,0,0,4810
588,88013c65,345,345,0,0,0,4810
589,96405703,345,345,0,0,0,4809
590,41af1812,345,345,0,0,0,4809
591,5b42ae8f,345,345,0,0,0,4809
592,552385da,345,345,0,0,0,4809
593,f2df9404,345,345,0,0,0,4809
594,00437f69,345,345,0,0,0,4809
595,eea2c526,345,345,0,0,0,4808
596,a4d0a8c7,345,345,0,0,0,4808
597,56477b27,345,345,0,0,0,4808
598,0f26ebe9,345,345,0,0,0,4807
599,47944363,345,345,0,0,0,4807
600,2b96bbd6,345,345,0,0,0,4807
601,70ec62d7,345,345,0,0,0,4807
602,18ee596a,348,348,0,0,0,4807
603,f761a174,348,348,0,0,0,4807
604,17bacf5e,348,348,0,0,0,4807
605,5eedce1d,348,348,0,0,0,4807
606,257a0ee5,348,348,0,0,0,4806
607,aff60e46,348,348,0,0,0,4806
608,52747e3a,348,348,0,0,0,4806
609,4cc2ba25,348,348,0,0,0,4806
610,f9af4f86,348,348,0,0,0,4805
611,cb7a2ce8,348,348,0,0,0,4805
612,4170b63b,348,348,0,0,0,4805
613,879988b8,348,348,0,0,0,4805
614,9b340a05,0,0,0,0,0,4803
615,b418ac5e,0,0,0,0,0,4803
616,8c817451,0,0,0,0,0,4803
617,e4f8eee7,0,0,0,0,0,4800
618,72576876,0,0,0,0,0,4799
619,bf5d268c,0,0,0,0,0,4799
620,5a96d1f2,0,0,0,0,0,4799
621,4022a781,0,0,0,0,0,4798
622,14d0e406,0,0,0,0,0,4793
623,c9a4970c,0,0,0,0,0,4792
624,db8947ac,0,0,0,0,0,4789
625,6d0c8099,0,0,0,0,0,4788
626,1b4ecf0b,0,0,0,0,0,4788
627,be2250f5,0,0,0,0,0,4788
628,a9d307fa,0,0,0,0,0,4788
629,5cd9d169,0,0,0,0,0,4787
630,a89695fe,0,0,0,0,0,4787
631,d4f31204,0,0,0,0,0,4787
632,c0cf0c76,0,0,0,0,0,4786
633,68b9913d,0,0,0,0,0,4785
634,59e54a8e,0,0,0,0,0,4784
635,650a04c7,0,0,0,0,0,4780
636,c4fd46d1,0,0,0,0,0,4778
637,a25cb3c6,0,0,0,0,0,4772
638,df92be59,0,0,0,0,0,4771
639,fdb6ace2,0,0,0,0,0,4771
640,8c519d09,0,0,0,0,0,4771
641,13ba9862,0,0,0,0,0,4771
642,284556d9,0,0,0,0,0,4770
643,baaef5ac,0,0,0,0,0,4770
644,f267f66d,0,0,0,0,0,4769
645,96c32bc8,0,0,0,0,0,4764
646,710c7d08,383,383,0,0,0,4758
647,47529368,388,388,0,0,0,4752
648,932d21df,393,393,0,0,0,4752
649,dee6af01,393,393,0,0,0,4751
650,96335cd1,393,393,0,0,0,4751
651,149f5363,393,393,0,0,0,4751
652,fb2af3f6,393,393,0,0,0,4749
653,ea0e787f,393,393,0,0,0,4748
654,bf6371ea,393,393,0,0,0,4747
655,55c231d2,393,393,0,0,0,4747
656,8a92c971,393,393,0,0,0,4747
657,26ddbc1d,393,393,0,0,0,4746
658,ec0c961c,393,393,0,0,0,4743
659,b5bac283,0,0,0,0,0,4738
660,17d75864,0,0,0,0,0,4737
661,9126cd21,0,0,0,0,0,4737
662,e410739b,0,0,0,0,0,4732
663,02c04ffe,0,0,0,0,0,4732
664,ad0d0b1f,0,0,0,0,0,4727
665,114e1d22,0,0,0,0,0,4724
666,f87aaff0,0,0,0,0,0,4724
667,15a027f4,0,0,0,0,0,4724
668,403f7623,0,0,0,0,0,4724
669,a66230a6,0,0,0,0,0,4724
670,685ca305,387,387,0,0,0,4724
671,bcd59b20,387,387,0,0,0,4724
672,43c53f2e,387,387,0,0,0,4724
673,1f7f493c,387,387,0,0,0,4707
674,d2b34bce,387,387,0,0,0,4705
675,a0c1b38b,387,387,0,0,0,4698
676,e07c5a61,0,0,0,0,0,4698
677,9300827b,0,0,0,0,0,4698
678,3ab333f8,397,397,0,0,0,4698
679,d887bfb9,397,397,0,0,0,4698
680,53cc9650,397,397,0,0,0,4698
681,35e56d50,397,397,0,0,0,4698
682,1664fd09,397,397,0,0,0,4698
683,20b16671,397,397,0,0,0,4694
684,4d4c71ea,397,397,0,0,0,4694
685,fb7a5294,397,397,0,0,0,4688
686,0cfdbb16,397,397,0,0,0,4683
687,726aa572,397,397,0,0,0,4676
688,9f856421,397,397,0,0,0,4662
689,884a7cb6,397,397,0,0,0,4662
690,07aab6a5,397,397,0,0,0,4649
691,a2027f5d,397,397,0,0,0,4638
692,9fd1aa6d,397,397,0,0,0,4629
693,0cdd9b7f,397,397,0,0,0,4629
694,988bfe0b,400,400,0,0,0,4629
695,1fb53e28,400,400,0,0,0,4629
696,c3b6c426,400,400,0,0,0,4628
697,e434f136,401,401,0,0,0,4628
698,379a8351,405,405,0,0,0,4627
699,e69e89e4,405,405,0,0,0,4626
700,c0209322,414,413,0,1,0,4625
701,e6a87417,415,414,0,1,0,4625
702,997d0e06,415,414,0,1,0,4625
703,b891c25b,415,414,0,1,0,4615
704,967655eb,415,414,0,1,0,4595
705,89df3c05,415,414,0,1,0,4595
706,07dad4db,415,414,0,1,0,4595
707,f7d33726,415,414,0,1,0,4595
708,e00ac083,415,414,0,1,0,4595
709,6fa08aaf,415,414,0,1,0,4594
710,d06ecc08,415,414,0,1,0,4594
711,b2902f1c,415,414,0,1,0,4594
712,2d66adf7,415,414,0,1,0,4594
713,5e0b01c6,415,414,0,1,0,4594
714,70f61a78,415,414,0,1,0,4594
715,2a66c597,415,414,0,1,0,4594
716,59b1f404,415,414,0,1,0,4594
717,a412fd3b,415,414,0,1,0,4594
718,3f6765dd,415,414,0,1,0,4593
719,f4b419ff,415,414,0,1,0,4592
720,9570849f,415,414,0,1,0,4590
721,c6769986,415,414,0,1,0,4590
722,24d9795f,415,414,0,1,0,4589
723,7378dc82,415,414,0,1,0,4584
724,61120d56,415,414,0,1,0,4583
725,ac5ffb3a,415,414,0,1,0,4581
726,eb29d0e8,415,414,0,1,0,4581
727,dd5061b2,416,415,0,1,0,4519
728,d8557229,416,415,0,1,0,4519
729,9806e2f5,416,415,0,1,0,4518
730,9ca4ef79,416,415,0,1,0,4518
731,5ea4bb73,416,415,0,1,0,4518
732,56ed0740,416,415,0,1,0,4518
733,eec7461b,416,415,0,1,0,4518
734,77ab335f,416,415,0,1,0,4518
735,902608e7,416,415,0,1,0,4511
736,401dfa83,416,415,0,1,0,4511
737,646aeb33,416,415,0,1,0,4511
738,bb7c2d09,416,415,0,1,0,4509
739,68916fe6,416,415,0,1,0,4509
740,aae2b9cc,416,415,0,1,0,4508
741,2e4ab52f,416,415,0,1,0,4508
742,25ff7db4,416,415,0,1,0,4505
743,65b8b329,416,415,0,1,0,4505
744,d3389a9b,416,415,0,1,0,4505
745,6bf58252,416,415,0,1,0,4505
746,c211aaf0,416,415,0,1,0,4504
747,307ebf2a,416,415,0,1,0,4504
748,1bd224ca,416,415,0,1,0,4504
749,8849e828,416,415,0,1,0,4503
750,9940cb59,416,415,0,1,0,4499
751,04832528,416,415,0,1,0,4492
752,72eedbe0,416,415,0,1,0,4492
753,bb15e4d9,416,415,0,1,0,4489
754,8e409a71,416,415,0,1,0,4488
755,48634b1b,416,415,0,1,0,4488
756,65c8f4da,416,415,0,1,0,4487
757,087d6af9,416,415,0,1,0,4487
758,2cc1241e,416,415,0,1,0,4487
759,de1cead5,416,415,0,1,0,4487
760,12545d7a,416,415,0,1,0,4487
761,fe0e5e96,416,415,0,1,0,4487
762,6c01316e,416,415,0,1,0,4487
763,5b44cc09,416,415,0,1,0,4487
764,cdc4fc62,416,415,0,1,0,4487
765,f3fdcc1a,416,415,0,1,0,4487
766,a8571f88,416,415,0,1,0,4486
767,8402cb64,416,415,0,1,0,4486
768,adb782ce,416,415,0,1,0,4486
769,b4439071,416,415,0,1,0,4486
770,d2a63269,416,415,0,1,0,4486
771,86462516,416,415,0,1,0,4486
772,47268140,416,415,0,1,0,4486
773,ac3eefa9,416,415,0,1,0,4486
774,f97f49b4,416,415,0,1,0,4486
775,e895b182,416,415,0,1,0,4485
776,4753d7e3,416,415,0,1,0,4485
777,1326d80e,416,415,0,1,0,4485
778,3994fe9a,416,415,0,1,0,4485
779,208bcda7,416,415,0,1,0,4485
780,c7e53d6a,416,415,0,1,0,4485
781,dd9e5e28,416,415,0,1,0,4485
782,322911cc,416,415,0,1,0,4485
783,df02f737,416,415,0,1,0,4485
784,d5aa3eae,416,415,0,1,0,4485
785,7c1fa0fd,416,415,0,1,0,4485
786,6b57ed57,416,415,0,1,0,4485
787,bc063a1a,416,415,0,1,0,4482
788,165507b8,416,415,0,1,0,4480
789,e2520f85,419,418,0,1,0,4475
790,dccecd24,421,420,0,1,0,4475
791,ef30ed68,421,420,0,1,0,4469
792,f699d7ea,421,420,0,1,0,4469
793,dcb641c1,421,420,0,1,0,4469
794,e7eacf87,421,420,0,1,0,4469
795,c74443f6,421,420,0,1,0,4461
796,a23c18ac,421,420,0,1,0,4461
797,c1a13dea,421,420,0,1,0,4460
798,ccfc5de2,421,420,0,1,0,4460
799,0b5dd9c3,425,424,0,1,0,4459
800,78a0d334,425,424,0,1,0,4458
801,834c6673,425,424,0,1,0,4458
802,cc297408,425,424,0,1,0,4458
803,30d394e7,425,424,0,1,0,4458
804,5c462fc2,425,424,0,1,0,4458
805,62a4114a,425,424,0,1,0,4458
806,0b44b69b,425,424,0,1,0,4458
807,b44aee81,425,424,0,1,0,4458
808,af182ce5,425,424,0,1,0,4457
809,4f51cdcf,425,424,0,1,0,4454
810,cd4de57a,425,424,0,1,0,4452
811,ab954f25,426,425,0,1,0,4452
812,6df48ad9,426,425,0,1,0,4452
813,1d0b945d,426,425,0,1,0,4452
814,5433ef9c,426,425,0,1,0,4452
815,04fa90ce,426,425,0,1,0,4451
816,4a580146,426,425,0,1,0,4451
817,0e319ed8,426,425,0,1,0,4448
818,a757cafa,426,425,0,1,0,4431
819,d715ace6,426,425,0,1,0,4429
820,28c9b076,426,425,0,1,0,4421
821,b1db46db,426,425,0,1,0,4416
822,7d39f392,426,425,0,1,0,4413
823,6681a119,426,425,0,1,0,4412
824,b71fefd0,426,425,0,1,0,4412
825,9996dad4,426,425,0,1,0,4411
826,4f04500b,426,425,0,1,0,4409
827,a056c12a,426,425,0,1,0,4408
828,642d0e24,426,425,0,1,0,4407
829,29b8b170,426,425,0,1,0,4403
830,bd2f049a,423,422,0,1,0,4400
831,0442bb4c,423,422,0,1,0,4392
832,cd6851f1,423,422,0,1,0,4388
833,4569c7d8,423,422,0,1,0,4388
834,794d6409,423,422,0,1,0,4388
835,b9de98e0,423,422,0,1,0,4388
836,db2d1172,423,422,0,1,0,4384
837,de445e32,423,422,0,1,0,4377
838,4c9f4973,423,422,0,1,0,4375
839,be2367cd,423,422,0,1,0,4375
840,2b69ac0a,423,422,0,1,0,4375
841,9a2a3cb7,425,424,0,1,0,4374
842,a36fc787,425,424,0,1,0,4374
843,252c98ae,425,424,0,1,0,4374
844,58a50ef4,425,424,0,1,0,4371
845,842a7505,425,424,0,1,0,4370
846,ade383ce,425,424,0,1,0,4369
847,3c93d00a,0,0,0,0,0,4369
848,d780072a,426,425,0,1,0,4369
849,55d9c6f1,471,470,0,1,0,4367
850,15e6e9fc,471,470,0,1,0,4361
851,8884e1b6,471,470,0,1,0,4360
852,025def7c,471,470,0,1,0,4360
853,49b68a54,471,470,0,1,0,4359
854,eee61720,471,404,1,66,0,4359
855,66dc2da9,471,404,1,66,0,4359
856,35066eaf,471,470,0,1,0,4359
857,3629ccf1,471,470,0,1,0,4359
858,c94fb127,471,470,0,1,0,4353
859,167d4837,471,470,0,1,0,4347
860,0fa5a2e7,471,470,0,1,0,4346
861,ed4418bd,471,470,0,1,0,4346
862,f0869044,471,470,0,1,0,4346
863,c9ad8441,471,470,0,1,0,4341
864,6515a9fc,471,470,0,1,0,4339
865,55e12948,471,470,0,1,0,4333
866,b0f92cd1,471,470,0,1,0,4331
867,eefef269,471,470,0,1,0,4327
868,926488db,471,470,0,1,0,4327
869,87dad428,471,470,0,1,0,4327
870,33de23c1,471,470,0,1,0,4327
871,957dcad2,471,470,0,1,0,4327
872,12a87ad4,471,470,0,1,0,4327
873,62f1705b,471,470,0,1,0,4326
874,275ab741,471,470,0,1,0,4326
875,9ce0d5d7,471,470,0,1,0,4318
876,d384ec4e,477,476,0,1,0,4318
877,fa541fcc,477,476,0,1,0,4318
878,61551d1a,477,476,0,1,0,4318
879,fdfded17,477,476,0,1,0,4318
880,d2b10048,477,476,0,1,0,4317
881,ed511449,477,476,0,1,0,4313
882,dcd9abca,477,476,0,1,0,4312
883,59ceb68a,477,476,0,1,0,4312
884,f5ac373f,477,476,0,1,0,4312
885,9abc0729,477,476,0,1,0,4312
886,71a76c6b,477,476,0,1,0,4312
887,44ece542,477,476,0,1,0,4312
888,20559150,477,476,0,1,0,4310
889,7a959d63,477,476,0,1,0,4308
890,5ce6fda4,477,476,0,1,0,4308
891,d5b954ac,477,476,0,1,0,4308
892,5d2ebe96,477,476,0,1,0,4308
893,15266834,477,476,0,1,0,4307
894,fb6d73ef,477,476,0,1,0,4305
895,39f46a9c,477,476,0,1,0,4303
896,0c1891b5,477,476,0,1,0,4299
897,ee4f9a4f,477,476,0,1,0,4297
898,c246b987,477,476,0,1,0,4297
899,a0341a0a,477,476,0,1,0,4297
900,62c8b079,477,476,0,1,0,4297
901,9cbf7656,477,476,0,1,0,4297
902,af4b9441,477,476,0,1,0,4297
903,09601a32,477,476,0,1,0,4295
904,91662f97,477,476,0,1,0,4295
905,30b38eb6,477,476,0,1,0,4289
906,14255dd4,477,476,0,1,0,4285
907,142997ac,477,476,0,1,0,4285
908,7c2cc42b,477,476,0,1,0,4281
909,a09823ff,477,476,0,1,0,4279
910,dbd7dd0e,477,476,0,1,0,4278
911,0af4f398,477,476,0,1,0,4278
912,01b7d5dc,477,476,0,1,0,4278
913,0b815c25,477,476,0,1,0,4276
914,4b422e17,477,476,0,1,0,4275
915,90f9e38b,477,476,0,1,0,4275
916,077281ba,477,476,0,1,0,4275
917,64c481f4,477,476,0,1,0,4275
918,3d991231,477,476,0,1,0,4275
919,eb1205a2,477,476,0,1,0,4272
920,96b8e1d9,477,476,0,1,0,4265
921,9a5dac38,477,476,0,1,0,4265
922,87bbf0c0,477,476,0,1,0,4263
923,5c9850a7,477,476,0,1,0,4261
924,20db76c0,479,478,0,1,0,4256
925,6df23379,480,479,0,1,0,4256
926,b51b11bb,480,479,0,1,0,4254
927,f6699b27,481,480,0,1,0,4242
928,51645b1c,481,480,0,1,0,4236
929,4425aaef,481,480,0,1,0,4236
930,9d55b80d,481,480,0,1,0,4236
931,5fefbfaa,481,480,0,1,0,4235
932,49a021c8,481,480,0,1,0,4235
933,93881363,481,480,0,1,0,4235
934,d5b9907a,481,480,0,1,0,4234
935,3ed02317,481,480,0,1,0,4234
936,f58f0573,481,480,0,1,0,4234
937,5ba3751d,481,480,0,1,0,4234
938,900c9c09,481,480,0,1,0,4234
939,9f580578,481,480,0,1,0,4229
940,c4b16e74,481,480,0,1,0,4228
941,ca7284cb,481,480,0,1,0,4228
942,fbddfddf,481,480,0,1,0,4228
943,39fe584a,481,480,0,1,0,4226
944,f63ad544,481,480,0,1,0,4226
945,a2f1aebc,481,480,0,1,0,4221
946,78a6e50d,481,480,0,1,0,4221
947,da0a038a,481,480,0,1,0,4220
948,b21dfb34,481,480,0,1,0,4219
949,39065c31,481,480,0,1,0,4219
950,4096a396,481,480,0,1,0,4219
951,c59bd4f3,483,481,0,2,0,4191
952,14b26e2a,483,482,0,1,0,4189
953,e3c2e7b2,483,482,0,1,0,4189
954,77bfc66f,483,481,0,2,0,4189
955,bde82211,483,481,0,2,0,4184
956,c5131c62,483,482,0,1,0,4184
957,86ac6922,483,482,0,1,0,4183
958,43ef6358,483,481,0,2,0,4183
959,01987420,483,481,0,2,0,4183
960,a2ff2dc9,483,481,0,2,0,4183
961,c5f52dc5,483,481,0,2,0,4156
962,40f2e9ba,483,482,0,1,0,4149
963,39a0d0a6,483,481,0,2,0,4146
964,bac07573,483,481,0,2,0,4142
965,1628039b,494,493,0,1,0,4142
966,d5d5914d,494,493,0,1,0,4141
967,c6d72bea,494,493,0,1,0,4139
968,26a75a87,494,492,0,2,0,4139
969,47ffa724,494,492,0,2,0,4139
970,2383f4ed,494,492,0,2,0,4138
971,635f952f,494,493,0,1,0,4137
972,1387923b,496,495,0,1,0,4135
973,bafc57ec,496,494,0,2,0,4135
974,cb693cae,496,495,0,1,0,4135
975,0f84f8a1,496,493,0,3,0,4135
976,a66a88cb,496,494,0,2,0,4135
977,6b6c7bfe,496,495,0,1,0,4135
978,46a08fbe,496,495,0,1,0,4133
979,680d4497,497,496,0,1,0,4107
980,8b65aa49,497,496,0,1,0,4107
981,0be39371,497,495,0,2,0,4107
982,c1c6ba63,497,496,0,1,0,4107
983,ba748bf2,503,501,0,2,0,4106
984,9b7b9c9c,503,502,0,1,0,4106
985,8de26bac,503,502,0,1,0,4102
986,14a4e09a,503,502,0,1,0,4101
987,42b6aa2f,503,502,0,1,0,4101
988,659a47be,503,502,0,1,0,4101
989,c80ee8a7,503,502,0,1,0,4101
990,c922b95f,517,517,0,0,0,4096
991,0f538860,517,517,0,0,0,4095
992,379e2a6b,516,516,0,0,0,4095
993,7eb0ccef,516,516,0,0,0,4095
994,a603d9b6,516,516,0,0,0,4095
995,056b249b,516,516,0,0,0,4095
996,6054dd89,516,516,0,0,0,4095
997,de692aea,516,516,0,0,0,4094
998,ad7d78d0,516,516,0,0,0,4094
999,8d89fa26,516,516,0,0,0,4088
1000,53d61aa4,516,516,0,0,0,4088
1001,2e1863f0,516,516,0,0,0,4088
1002,a41e4366,516,516,0,0,0,4088
1003,02365814,516,516,0,0,0,4086
1004,1c9e9c1e,516,516,0,0,0,4086
1005,2fd0728c,516,516,0,0,0,4086
1006,4defb068,516,516,0,0,0,4086
1007,160af55c,520,520,0,0,1,4082
1008,283bba85,806,806,0,0,2,4079
1009,c44b15f1,806,806,0,0,2,4079
1010,77dc3b08,806,806,0,0,2,4079
1011,529a3e67,806,806,0,0,2,4079
1012,41608581,806,806,0,0,2,4079
1013,aaf723d2,806,806,0,0,2,4079
1014,df4e1924,806,806,0,0,2,4079
1015,aab7960b,806,806,0,0,2,4079
1016,0dcc1068,806,806,0,0,2,4079
1017,64c00009,806,806,0,0,2,4079
1018,16a8c311,806,806,0,0,2,4079
1019,8e89d40f,806,806,0,0,2,4079
1020,882eae62,806,806,0,0,2,4078
1021,80415614,806,806,0,0,2,4078
1022,fd513425,806,806,0,0,2,4078
1023,a5814c27,806,806,0,0,2,4078
1024,ebf24c65,806,806,0,0,2,4078
1025,1a26a94f,806,806,0,0,2,4078
1026,955f47e6,806,806,0,0,2,4078
1027,effe3abe,806,806,0,0,2,4078
1028,b2deb7e3,806,806,0,0,2,4078
1029,2b9d94af,806,806,0,0,2,4077
1030,1d1df017,808,808,0,0,3,4073
1031,fb47960b,808,808,0,0,3,4073
1032,6f23db25,808,808,0,0,3,4073
1033,b5ce3f91,808,808,0,0,3,4073
1034,62555455,808,808,0,0,3,4073
1035,a85de755,808,808,0,0,3,4073
1036,fd2e7a79,808,808,0,0,3,4073
1037,f7497484,808,808,0,0,3,4072
1038,6974f7bf,841,841,0,0,3,4072
1039,64f18ffc,841,841,0,0,3,4071
1040,a2597478,841,841,0,0,3,4071
1041,240df736,841,841,0,0,3,4069
1042,7381110b,842,842,0,0,3,4068
1043,67e278b4,842,842,0,0,3,4068
1044,131b183a,842,842,0,0,3,4068
1045,6f041f28,0,0,0,0,0,4068
1046,7b415c72,0,0,0,0,0,4068
1047,615001b2,0,0,0,0,0,4068
1048,9e0fcc22,0,0,0,0,0,4068
1049,0152c003,0,0,0,0,0,4068
1050,bcfe063e,0,0,0,0,0,4068
1051,c7f3b744,0,0,0,0,0,4068
1052,366e154d,844,844,0,0,4,4068
1053,bb0ecdbc,844,844,0,0,4,4067
1054,13f31eb2,844,844,0,0,2,4067
1055,87273f17,844,844,0,0,2,4067
1056,ca865074,844,844,0,0,2,4067
1057,3d4349f4,844,844,0,0,2,4067
1058,7da47f68,844,844,0,0,2,4067
1059,b1fcb107,844,844,0,0,2,4066
1060,80b07581,844,844,0,0,2,4066
1061,e47331c3,844,844,0,0,2,4062
1062,ec44b2c2,844,844,0,0,2,4061
1063,ef2839b7,844,844,0,0,2,4056
1064,5edc70cd,844,844,0,0,2,4056
1065,60aead52,844,844,0,0,2,4056
1066,bd15468e,844,844,0,0,2,4055
1067,0ea08609,844,844,0,0,2,4052
1068,c4c6cfc4,845,845,0,0,2,4046
1069,ade1571f,845,845,0,0,2,4039
1070,55523728,847,847,0,0,3,4037
1071,3be7e6ab,847,847,0,0,3,4036
1072,5f8e3d49,847,847,0,0,3,4035
1073,0bb63c60,848,848,0,0,3,4035
1074,0f8ca31e,848,848,0,0,3,4035
1075,a2ad0421,848,848,0,0,3,4034
1076,146d83a9,848,848,0,0,3,4033
1077,25071e09,848,848,0,0,3,4033
1078,a8706c02,848,848,0,0,3,4033
1079,11b94cdb,848,848,0,0,3,4033
1080,4b73b9c7,848,848,0,0,4,4033
1081,12e382da,848,848,0,0,3,4033
1082,117fc084,848,848,0,0,3,4032
1083,c80f04cb,848,848,0,0,2,4026
1084,9b8fb9f0,868,868,0,0,2,4016
1085,c85eaa09,890,890,0,0,2,4014
1086,7b21535a,912,912,0,0,3,4014
1087,448ff5f3,914,914,0,0,3,4011
1088,e2efb174,926,926,0,0,3,4011
1089,6aad9ccf,936,936,0,0,3,4006
1090,76e37db5,936,936,0,0,3,4005
1091,818b97fd,935,935,0,0,3,4005
1092,c10d235e,935,935,0,0,3,4005
1093,5a546758,935,935,0,0,3,4003
1094,ee323a52,935,935,0,0,3,3998
1095,8cf6a94f,935,935,0,0,3,3998
1096,7205e7d3,935,935,0,0,3,3996
1097,5059eddd,935,935,0,0,2,3995
1098,c2622c8c,935,935,0,0,2,3995
1099,7891d8c2,935,935,0,0,2,3992
1100,8690e96f,935,935,0,0,2,3989
1101,b8c1bb05,939,939,0,0,2,3988
1102,4ae188ac,939,939,0,0,2,3988
1103,e0d37d55,939,939,0,0,2,3988
1104,6602f53a,939,939,0,0,2,3988
1105,911350a0,938,938,0,0,1,3985
1106,7c8a1fdf,516,515,0,1,0,3985
1107,d6a0b4d1,938,938,0,0,1,3983
1108,143f3b0a,938,938,0,0,1,3983
1109,1b58a236,938,938,0,0,1,3978
1110,cb4f012f,938,938,0,0,1,3977
1111,6f2036bd,938,938,0,0,1,3976
1112,e0a296f6,936,936,0,0,1,3976
1113,a840e659,931,931,0,0,1,3975
1114,6956d4ff,1144,1144,0,0,2,3972
1115,b821b445,1144,1144,0,0,2,3971
1116,7a2818a5,1144,1144,0,0,2,3971
1117,5c33d5cf,1144,1144,0,0,2,3971
1118,83c2c001,929,929,0,0,1,3969
1119,f279d8c3,929,929,0,0,1,3968
1120,2112061b,516,515,0,1,0,3966
1121,218f06e1,1143,1143,0,0,2,3966
1122,672221fc,1143,1143,0,0,2,3966
1123,68c8b4b1,1143,1143,0,0,2,3962
1124,29a46123,1141,1141,0,0,2,3962
1125,30eb471d,516,515,0,1,0,3962
1126,02bb1461,1148,1141,7,0,2,3960
1127,e664fa13,1150,1150,0,0,2,3960
1128,2b0f6ea4,1172,1172,0,0,2,3960
1129,30abf15b,1172,1172,0,0,2,3957
1130,b3e4f9e3,1172,1172,0,0,2,3957
1131,08241f87,1172,1172,0,0,2,3955
1132,cf1b1aa7,1172,1172,0,0,2,3954
1133,e28a688e,1172,1172,0,0,2,3954
1134,ebb54d79,1172,1172,0,0,2,3954
1135,b368f909,1186,1186,0,0,2,3954
1136,eb64e7d3,1215,1215,0,0,2,3950
1137,ec40554d,1226,1226,0,0,2,3950
1138,fb038d35,1227,1227,0,0,2,3949
1139,5c2dacac,1227,1227,0,0,2,3948
1140,af025e34,1227,1227,0,0,2,3948
1141,18d3966e,1230,1230,0,0,2,3948
1142,d78939ec,1237,1237,0,0,2,3948
1143,aeffde46,0,0,0,0,0,3948
1144,05deb286,0,0,0,0,0,3943
1145,ff555775,0,0,0,0,0,3943
1146,c3e43de4,0,0,0,0,0,3941
1147,8e7fe776,0,0,0,0,0,3937
1148,1d72032a,0,0,0,0,0,3937
1149,43d6095b,0,0,0,0,0,3934
1150,e82184af,0,0,0,0,0,3934
1151,6d41d97e,0,0,0,0,0,3934
1152,9ced45d7,0,0,0,0,0,3934
1153,86c464d1,0,0,0,0,0,3934
1154,1e70d5a3,0,0,0,0,0,3931
1155,a2deba9d,0,0,0,0,0,3931
1156,e5596fb0,0,0,0,0,0,3926
1157,0b218922,0,0,0,0,0,3925
1158,804359f1,0,0,0,0,0,3921
1159,c1f9d2b3,0,0,0,0,0,3916
1160,0f2cc20b,0,0,0,0,0,3916
1161,dfe45e8f,0,0,0,0,0,3911
1162,e6190109,0,0,0,0,0,3911
1163,6892f58f,0,0,0,0,0,3911
1164,65528c02,0,0,0,0,0,3910
1165,354171b3,0,0,0,0,0,3910
1166,29f896a0,0,0,0,0,0,3908
1167,fa172d97,0,0,0,0,0,3908
1168,15c154c8,0,0,0,0,0,3908
1169,e4d62045,0,0,0,0,0,3908
1170,de7daf36,0,0,0,0,0,3907
1171,6b539c8c,0,0,0,0,0,3907
1172,e8bb17f4,0,0,0,0,0,3905
1173,6d67c553,0,0,0,0,0,3905
1174,c76574f9,0,0,0,0,0,3904
1175,31590950,0,0,0,0,0,3892
1176,b2ad0506,0,0,0,0,0,3892
1177,6959830c,0,0,0,0,0,3892
1178,3d938c25,0,0,0,0,0,3892
1179,439046b7,0,0,0,0,0,3891
1180,9e544545,0,0,0,0,0,3890
1181,64e60c98,0,0,0,0,0,3887
1182,f3aa8639,0,0,0,0,0,3887
1183,71dd0c9d,0,0,0,0,0,3884
1184,df606c25,0,0,0,0,0,3884
1185,3e4a7ac4,0,0,0,0,0,3882
1186,e2bd5afd,0,0,0,0,0,3882
1187,bb9ad833,0,0,0,0,0,3881
1188,d3bfd2fc,0,0,0,0,0,3880
1189,1df4dd32,0,0,0,0,0,3880
1190,7d9beffd,0,0,0,0,0,3879
1191,b5340858,0,0,0,0,0,3878
1192,023363e3,0,0,0,0,0,3878
1193,317cddd8,0,0,0,0,0,3875
1194,f1c80c6a,0,0,0,0,0,3871
1195,484266e1,0,0,0,0,0,3864
1196,66074eba,0,0,0,0,0,3864
1197,86c8730d,0,0,0,0,0,3864
1198,72868307,0,0,0,0,0,3863
1199,b088ae00,0,0,0,0,0,3863
1200,3231dcb4,0,0,0,0,0,3863
1201,7a1a4b9d,0,0,0,0,0,3862
1202,23948c02,0,0,0,0,0,3862
1203,00751cf3,0,0,0,0,0,3862
1204,e6af69f2,0,0,0,0,0,3861
1205,d1f6c23e,0,0,0,0,0,3861
1206,fcc33c29,0,0,0,0,0,3861
1207,179c7179,0,0,0,0,0,3859
1208,90de30bf,0,0,0,0,0,3857
1209,40ef33ce,0,0,0,0,0,3857
1210,6ec87d3c,0,0,0,0,0,3857
1211,7dadf782,0,0,0,0,0,3857
1212,eb2966ba,0,0,0,0,0,3857
1213,6e306aa4,0,0,0,0,0,3857
1214,9475e262,0,0,0,0,0,3857
1215,b152f227,0,0,0,0,0,3857
1216,e1e7f9c8,0,0,0,0,0,3857
1217,0cf974d5,0,0,0,0,0,3857
1218,4580b4f7,0,0,0,0,0,3856
1219,1ee5e2ce,0,0,0,0,0,3855
1220,9a4d4f8b,0,0,0,0,0,3855
1221,75e94a15,0,0,0,0,0,3855
1222,50906f44,0,0,0,0,0,3855
1223,19022393,0,0,0,0,0,3855
1224,74581924,0,0,0,0,0,3855
1225,f5a01c6c,0,0,0,0,0,3855
1226,47a66573,0,0,0,0,0,3854
1227,f1add712,0,0,0,0,0,3854
1228,ef148fc5,0,0,0,0,0,3854
1229,73592581,0,0,0,0,0,3854
1230,9771dcd6,0,0,0,0,0,3854
1231,e025613a,0,0,0,0,0,3853
1232,2c04f268,0,0,0,0,0,3853
1233,4e7d9fa5,0,0,0,0,0,3853
1234,62dd0889,0,0,0,0,0,3853
1235,967b8af9,0,0,0,0,0,3852
1236,7f95be93,0,0,0,0,0,3852
1237,618754b6,0,0,0,0,0,3852
1238,3fc9bd96,0,0,0,0,0,3852
1239,a1174343,0,0,0,0,0,3852
1240,888f35b0,0,0,0,0,0,3852
1241,a26fb6a8,0,0,0,0,0,3852
1242,24a5f0c0,0,0,0,0,0,3852
1243,ae876476,0,0,0,0,0,3852
1244,0b5e40c1,0,0,0,0,0,3852
1245,6e5139df,0,0,0,0,0,3852
1246,ef1e4d08,0,0,0,0,0,3851
1247,022c2507,0,0,0,0,0,3851
1248,477fdb1a,0,0,0,0,0,3851
1249,e16a59b3,0,0,0,0,0,3851
1250,0ae68981,0,0,0,0,0,3851
1251,6eaaac82,0,0,0,0,0,3851
1252,70e7ee17,0,0,0,0,0,3851
1253,8aef0609,0,0,0,0,0,3851
1254,a91847b5,0,0,0,0,0,3851
1255,7bb8ecbf,0,0,0,0,0,3851
1256,d60c36c4,0,0,0,0,0,3851
1257,3c0cef45,0,0,0,0,0,3851
1258,d1e2ee3c,0,0,0,0,0,3850
1259,318d74af,0,0,0,0,0,3849
1260,5f88f056,0,0,0,0,0,3849
1261,3f3dc38d,0,0,0,0,0,3849
1262,eb0eab0a,0,0,0,0,0,3849
1263,3a022b2c,0,0,0,0,0,3849
1264,1abae928,0,0,0,0,0,3848
1265,36607de8,0,0,0,0,0,3848
1266,4eec65b3,0,0,0,0,0,3848
1267,820817d0,0,0,0,0,0,3848
1268,d012c104,0,0,0,0,0,3848
1269,83efe306,0,0,0,0,0,3848
1270,155a9c61,0,0,0,0,0,3847
1271,1d4465bd,0,0,0,0,0,3847
1272,a6c38788,0,0,0,0,0,3847
1273,93603e5f,0,0,0,0,0,3846
1274,791bb497,0,0,0,0,0,3845
1275,cd263f39,0,0,0,0,0,3845
1276,65cb252c,0,0,0,0,0,3845
1277,7573bf82,0,0,0,0,0,3845
1278,df577a7e,0,0,0,0,0,3845
1279,52f311f5,0,0,0,0,0,3845
1280,c1e0539a,0,0,0,0,0,3844
1281,0dbecf3a,0,0,0,0,0,3844
1282,4f5d4b0d,0,0,0,0,0,3844
1283,4c243203,0,0,0,0,0,3844
1284,7bd182d4,0,0,0,0,0,3844
1285,68ed9569,0,0,0,0,0,3843
1286,7b99aca6,0,0,0,0,0,3842
1287,856c1c28,0,0,0,0,0,3839
1288,4a63d6a0,0,0,0,0,0,3838
1289,b9851bc1,0,0,0,0,0,3838
1290,18de7cda,0,0,0,0,0,3837
1291,eda06a75,0,0,0,0,0,3836
1292,21aae1df,0,0,0,0,0,3836
1293,261fb7d7,0,0,0,0,0,3836
1294,dafdf430,0,0,0,0,0,3835
1295,232ee999,0,0,0,0,0,3830
1296,e95f6ce9,0,0,0,0,0,3829
1297,441006d8,0,0,0,0,0,3829
1298,a7039145,0,0,0,0,0,3829
1299,992078af,0,0,0,0,0,3828
1300,6a970590,0,0,0,0,0,3828
1301,37e01683,0,0,0,0,0,3828
1302,5e95645f,0,0,0,0,0,3828
1303,3b4b68fe,0,0,0,0,0,3828
1304,4896d175,0,0,0,0,0,3828
1305,d9090f3d,0,0,0,0,0,3828
1306,7550a6ed,0,0,0,0,0,3828
1307,75dd0ae7,0,0,0,0,0,3828
1308,32e1cc24,0,0,0,0,0,3828
1309,4b2dccf2,0,0,0,0,0,3828
1310,868e46fd,0,0,0,0,0,3828
1311,4fd34899,0,0,0,0,0,3828
1312,1192bf08,0,0,0,0,0,3828
1313,0e23c5d6,0,0,0,0,0,3828
1314,13b5092f,0,0,0,0,0,3828
1315,4f23a508,0,0,0,0,0,3827
1316,f9c0e8ca,0,0,0,0,0,3827
1317,ca41afb9,0,0,0,0,0,3827
1318,124c7d5e,0,0,0,0,0,3827
1319,7ee591f0,0,0,0,0,0,3827
1320,2eb2eda4,0,0,0,0,0,3824
1321,6b723dd6,0,0,0,0,0,3824
1322,4b29dae0,0,0,0,0,0,3824
1323,6e1d7a0a,0,0,0,0,0,3824
1324,438411d6,0,0,0,0,0,3824
1325,020d303e,0,0,0,0,0,3823
1326,e95a80b7,0,0,0,0,0,3823
1327,3c0bc58a,0,0,0,0,0,3823
1328,bac69b36,0,0,0,0,0,3822
1329,759fe0a7,0,0,0,0,0,3822
1330,7b141fd5,0,0,0,0,0,3822
1331,5ddda409,0,0,0,0,0,3822
1332,7b6ffc39,0,0,0,0,0,3822
1333,3daa0700,0,0,0,0,0,3822
1334,b4d6dee0,0,0,0,0,0,3822
1335,bdf41740,0,0,0,0,0,3821
1336,17aa988f,0,0,0,0,0,3821
1337,d2f42ec4,0,0,0,0,0,3821
1338,3a0f3c34,0,0,0,0,0,3820
1339,7fc0e265,0,0,0,0,0,3820
1340,8e914ae1,0,0,0,0,0,3820
1341,a877471b,0,0,0,0,0,3820
1342,6ba7afe8,0,0,0,0,0,3819
1343,119d9cbb,0,0,0,0,0,3817
1344,630ee5fa,0,0,0,0,0,3813
1345,bbe6525b,0,0,0,0,0,3797
1346,cae0917e,0,0,0,0,0,3796
1347,4e64d396,0,0,0,0,0,3795
1348,7302f4b7,0,0,0,0,0,3795
1349,f4ef817d,0,0,0,0,0,3794
1350,35face47,0,0,0,0,0,3794
1351,d5444aad,0,0,0,0,0,3791
1352,04d14e5e,0,0,0,0,0,3791
1353,63989177,0,0,0,0,0,3790
1354,0991eb0f,0,0,0,0,0,3790
1355,a54611e8,0,0,0,0,0,3789
1356,c3c7ba21,0,0,0,0,0,3788
1357,d2670af7,0,0,0,0,0,3788
1358,a5727565,0,0,0,0,0,3778
1359,56211032,0,0,0,0,0,3778
1360,51ef77e7,0,0,0,0,0,3778
1361,a5df9fe8,0,0,0,0,0,3778
1362,9d55aee8,0,0,0,0,0,3775
1363,045c740f,0,0,0,0,0,3774
1364,41d8c9bd,0,0,0,0,0,3772
1365,e9f6856f,0,0,0,0,0,3772
1366,86369c16,0,0,0,0,0,3768
1367,77ee7287,0,0,0,0,0,3768
1368,8162b91e,0,0,0,0,0,3768
1369,2de7d4a2,0,0,0,0,0,3768
1370,61f45b5c,0,0,0,0,0,3767
1371,73e6ca8b,0,0,0,0,0,3767
1372,0bd45f2b,0,0,0,0,0,3767
1373,a1f6685c,0,0,0,0,0,3766
1374,126f1da3,0,0,0,0,0,3765
1375,490778e2,0,0,0,0,0,3765
1376,1b1d692a,0,0,0,0,0,3765
1377,f3e3302b,0,0,0,0,0,3765
1378,dcfced13,0,0,0,0,0,3765
1379,23bc2c7f,0,0,0,0,0,3764
1380,55742a46,0,0,0,0,0,3764
1381,8f73a72a,0,0,0,0,0,3764
1382,08bbd7bc,0,0,0,0,0,3752
1383,e9864b06,0,0,0,0,0,3752
1384,32221a1a,0,0,0,0,0,3752
1385,962ddfa5,0,0,0,0,0,3752
1386,2d1711bb,0,0,0,0,0,3752
1387,2ae703aa,0,0,0,0,0,3752
1388,e0105ac1,0,0,0,0,0,3744
1389,76989f0e,0,0,0,0,0,3742
1390,8f074994,0,0,0,0,0,3742
1391,24ed3bad,0,0,0,0,0,3742
1392,584bc97d,0,0,0,0,0,3737
1393,281d9d5f,0,0,0,0,0,3733
1394,bc70b183,0,0,0,0,0,3731
1395,f8bc43e3,0,0,0,0,0,3722
1396,e0d8ec5d,0,0,0,0,0,3719
1397,4998e356,0,0,0,0,0,3714
1398,471c2b3a,0,0,0,0,0,3714
1399,70d37431,0,0,0,0,0,3709
1400,0bae59de,0,0,0,0,0,3709
1401,0999878b,0,0,0,0,0,3707
1402,195026ce,0,0,0,0,0,3697
1403,e2fa3ae3,0,0,0,0,0,3697
1404,52478759,0,0,0,0,0,3697
1405,f3e78021,0,0,0,0,0,3696
1406,0e2b2074,0,0,0,0,0,3694
1407,da05e5c6,0,0,0,0,0,3687
1408,39ad9e03,0,0,0,0,0,3687
1409,180ec543,0,0,0,0,0,3687
1410,cf5eb5de,0,0,0,0,0,3687
1411,2a08b552,0,0,0,0,0,3686
1412,10ca4749,0,0,0,0,0,3686
1413,e30d68d9,0,0,0,0,0,3686
1414,4acba493,0,0,0,0,0,3685
1415,a41eccec,0,0,0,0,0,3681
1416,92d66f33,0,0,0,0,0,3676
1417,ae7c42fc,0,0,0,0,0,3674
1418,8dbbed80,0,0,0,0,0,3674
1419,2d017dcc,0,0,0,0,0,3674
1420,21e31ba0,0,0,0,0,0,3667
1421,494ba13c,0,0,0,0,0,3660
1422,97557998,0,0,0,0,0,3656
1423,a03573ca,0,0,0,0,0,3654
1424,d5b66aa9,0,0,0,0,0,3642
1425,8600a7e9,0,0,0,0,0,3638
1426,dfea0c20,0,0,0,0,0,3635
1427,3cfa7629,0,0,0,0,0,3635
1428,ff78877e,0,0,0,0,0,3635
1429,cbfca24d,0,0,0,0,0,3635
1430,dd90fe46,0,0,0,0,0,3634
1431,39a4f616,0,0,0,0,0,3633
1432,6d517fc7,0,0,0,0,0,3633
1433,9747a7dd,0,0,0,0,0,3630
1434,8e3a323a,0,0,0,0,0,3626
1435,3d933f95,0,0,0,0,0,3626
1436,f7b59d7f,0,0,0,0,0,3625
1437,a220960f,0,0,0,0,0,3624
1438,f944e260,0,0,0,0,0,3618
1439,030b8d37,0,0,0,0,0,3618
1440,c8e15484,0,0,0,0,0,3614
1441,9b97410b,0,0,0,0,0,3614
1442,eb920ec3,0,0,0,0,0,3614
1443,6be90726,0,0,0,0,0,3613
1444,e461c10c,0,0,0,0,0,3613
1445,0195cb40,0,0,0,0,0,3612
1446,ec85b40b,0,0,0,0,0,3612
1447,0e3d0d9e,0,0,0,0,0,3612
1448,444c6bf0,0,0,0,0,0,3612
1449,bf13db81,0,0,0,0,0,3612
1450,46f309f7,0,0,0,0,0,3611
1451,4a25576f,0,0,0,0,0,3611
1452,da5aebe7,0,0,0,0,0,3609
1453,5227866c,0,0,0,0,0,3609
1454,4bb50b35,0,0,0,0,0,3606
1455,be07d74d,0,0,0,0,0,3606
1456,1b08395e,0,0,0,0,0,3606
1457,257ea4c9,0,0,0,0,0,3600
1458,102ed1e8,0,0,0,0,0,3599
1459,daea5648,0,0,0,0,0,3598
1460,df913578,0,0,0,0,0,3591
1461,5d554ccf,0,0,0,0,0,3590
1462,ce13e360,0,0,0,0,0,3585
1463,d65b529e,0,0,0,0,0,3585
1464,57ea0575,0,0,0,0,0,3585
1465,7009ad7d,0,0,0,0,0,3584
1466,fb4bbe08,0,0,0,0,0,3583
1467,3fb00002,0,0,0,0,0,3581
1468,01b39c48,0,0,0,0,0,3580
1469,1f91369c,0,0,0,0,0,3579
1470,74f79c25,0,0,0,0,0,3578
1471,486680b5,0,0,0,0,0,3578
1472,2ecea22e,0,0,0,0,0,3578
1473,6fa7185b,0,0,0,0,0,3578
1474,5e1f6e6e,0,0,0,0,0,3578
1475,f5cb5f9e,0,0,0,0,0,3574
1476,e5ea32b7,0,0,0,0,0,3573
1477,72a41afd,0,0,0,0,0,3573
1478,40a0ed44,0,0,0,0,0,3572
1479,eab98043,0,0,0,0,0,3572
1480,9ee4a41a,0,0,0,0,0,3568
1481,28fbd4df,0,0,0,0,0,3568
1482,04626cb5,0,0,0,0,0,3568
1483,47c6fa80,0,0,0,0,0,3568
1484,e5d83200,0,0,0,0,0,3566
1485,c4d1599b,0,0,0,0,0,3566
1486,3853906d,0,0,0,0,0,3566
1487,70a34914,0,0,0,0,0,3566
1488,145d0c1f,0,0,0,0,0,3566
1489,9a701bfb,0,0,0,0,0,3565
1490,e4ea515f,0,0,0,0,0,3564
1491,c514ac2a,0,0,0,0,0,3564
1492,0cad2def,0,0,0,0,0,3561
1493,3e2b8b13,0,0,0,0,0,3560
1494,6ae3bb8b,0,0,0,0,0,3560
1495,6b1ef7da,0,0,0,0,0,3560
1496,bcc97c83,0,0,0,0,0,3559
1497,53883ec5,0,0,0,0,0,3558
1498,76f66f4c,0,0,0,0,0,3558
1499,a38281b7,0,0,0,0,0,3557
1500,b1b85307,0,0,0,0,0,3555
1501,62c57991,0,0,0,0,0,3555
1502,0c00bef7,0,0,0,0,0,3555
1503,6a6ee373,0,0,0,0,0,3555
1504,4f83ddb3,0,0,0,0,0,3555
1505,427d2c24,0,0,0,0,0,3554
1506,430c3d53,0,0,0,0,0,3554
1507,162f3d6d,0,0,0,0,0,3554
1508,6bd3da86,0,0,0,0,0,3553
1509,28de7364,0,0,0,0,0,3553
1510,61ab54d9,0,0,0,0,0,3553
1511,f2aa4812,0,0,0,0,0,3553
1512,420fc260,0,0,0,0,0,3551
1513,7f04b88f,0,0,0,0,0,3551
1514,90b68531,0,0,0,0,0,3551
1515,8f46fbac,0,0,0,0,0,3551
1516,da570f70,0,0,0,0,0,3551
1517,e41274c2,0,0,0,0,0,3551
1518,287d8394,0,0,0,0,0,3551
1519,d1450f90,0,0,0,0,0,3551
1520,960ee2f5,0,0,0,0,0,3551
1521,94dea64e,0,0,0,0,0,3550
1522,5d6404cb,0,0,0,0,0,3550
1523,09f10b0f,0,0,0,0,0,3550
1524,22783784,0,0,0,0,0,3550
1525,9edd1acd,0,0,0,0,0,3550
1526,4d1b1572,0,0,0,0,0,3549
1527,73209594,0,0,0,0,0,3549
1528,66e7b849,0,0,0,0,0,3535
1529,d8b50713,0,0,0,0,0,3535
1530,41cfb9bb,0,0,0,0,0,3534
1531,cc7f8c24,0,0,0,0,0,3531
1532,2c54131e,0,0,0,0,0,3531
1533,f07eea0f,0,0,0,0,0,3531
1534,00a3cfeb,0,0,0,0,0,3531
1535,d7d7bb2b,0,0,0,0,0,3531
1536,bc6731e3,0,0,0,0,0,3531
1537,06f9c103,0,0,0,0,0,3531
1538,0732af01,0,0,0,0,0,3530
1539,e31aeb6f,0,0,0,0,0,3530
1540,b1bad18c,0,0,0,0,0,3530
1541,7541429c,0,0,0,0,0,3528
1542,ae8e6710,0,0,0,0,0,3527
1543,5dffa493,0,0,0,0,0,3527
1544,d19daa3d,0,0,0,0,0,3526
1545,c13bbbdd,0,0,0,0,0,3526
1546,c8aafc5c,0,0,0,0,0,3523
1547,fceb87e3,0,0,0,0,0,3523
1548,5470d074,0,0,0,0,0,3503
1549,d7ce4582,0,0,0,0,0,3503
1550,6921a32f,0,0,0,0,0,3503
1551,8f918693,0,0,0,0,0,3503
1552,12a3dbeb,0,0,0,0,0,3503
1553,c3a8df40,0,0,0,0,0,3503
1554,0771f14e,0,0,0,0,0,3503
1555,c4ab5838,0,0,0,0,0,3503
1556,5b89c109,0,0,0,0,0,3498
1557,a6db7c51,0,0,0,0,0,3498
1558,cb6254fe,0,0,0,0,0,3477
1559,8f767628,0,0,0,0,0,3477
1560,46bcf3ac,0,0,0,0,0,3461
1561,a6fe2177,0,0,0,0,0,3460
1562,9f0bc247,0,0,0,0,0,3460
1563,ae116278,0,0,0,0,0,3460
1564,e78b50d6,0,0,0,0,0,3460
1565,58036bc5,0,0,0,0,0,3458
1566,76762ca4,0,0,0,0,0,3457
1567,3b872602,0,0,0,0,0,3456
1568,d47c30ba,0,0,0,0,0,3452
1569,cac14324,0,0,0,0,0,3452
1570,987593b2,0,0,0,0,0,3451
1571,fcf77abb,0,0,0,0,0,3451
1572,74e1be5c,0,0,0,0,0,3450
1573,9867254c,0,0,0,0,0,3450
1574,67d45c0d,0,0,0,0,0,3444
1575,64e56ef2,0,0,0,0,0,3444
1576,24b8a788,0,0,0,0,0,3437
1577,b6e69d03,0,0,0,0,0,3437
1578,b1134f65,0,0,0,0,0,3437
1579,e2da283f,0,0,0,0,0,3436
1580,aab1b368,0,0,0,0,0,3436
1581,8265a355,0,0,0,0,0,3436
1582,10f6da69,0,0,0,0,0,3436
1583,2737e5f0,0,0,0,0,0,3434
1584,39117086,0,0,0,0,0,3433
1585,5e3626f6,0,0,0,0,0,3433
1586,648e5ab9,0,0,0,0,0,3433
1587,68b0243f,0,0,0,0,0,3433
1588,5e95538a,0,0,0,0,0,3433
1589,5e01ff0a,0,0,0,0,0,3433
1590,e7ab117e,0,0,0,0,0,3433
1591,ca66db5a,0,0,0,0,0,3432
1592,747593ab,0,0,0,0,0,3429
1593,d969fe87,0,0,0,0,0,3428
1594,eac4ae43,0,0,0,0,0,3425
1595,fdeb4050,0,0,0,0,0,3425
1596,d87d45a6,0,0,0,0,0,3424
1597,647e4dc3,0,0,0,0,0,3424
1598,3d2b0023,0,0,0,0,0,3411
1599,b90f3113,0,0,0,0,0,3410
1600,a32899e4,0,0,0,0,0,3406
1601,a5ba13fb,0,0,0,0,0,3406
1602,cef44fa2,0,0,0,0,0,3400
1603,54c7e992,0,0,0,0,0,3394
1604,3f99045e,0,0,0,0,0,3393
1605,5e0e2efe,0,0,0,0,0,3390
1606,218edab9,0,0,0,0,0,3390
1607,d544026b,0,0,0,0,0,3378
1608,0cea739a,0,0,0,0,0,3369
1609,be6347ae,0,0,0,0,0,3369
1610,0fb328d0,0,0,0,0,0,3369
1611,db9f011a,0,0,0,0,0,3369
1612,a9c95e05,0,0,0,0,0,3368
1613,26241e51,0,0,0,0,0,3368
1614,93669262,0,0,0,0,0,3368
1615,63d06f06,0,0,0,0,0,3354
1616,93296a47,0,0,0,0,0,3343
1617,6920b388,0,0,0,0,0,3342
1618,bfe3b720,0,0,0,0,0,3342
1619,aa412a29,0,0,0,0,0,3342
1620,a8d2e5e5,0,0,0,0,0,3341
1621,1b063abf,0,0,0,0,0,3340
1622,7a207ae4,0,0,0,0,0,3335
1623,561a7d74,0,0,0,0,0,3335
1624,c850967c,0,0,0,0,0,3335
1625,32073922,0,0,0,0,0,3335
1626,7d4aabd2,0,0,0,0,0,3335
1627,2e2f6c2e,0,0,0,0,0,3332
1628,ae4ebcc6,0,0,0,0,0,3332
1629,91250b2a,0,0,0,0,0,3332
1630,92ce24b4,0,0,0,0,0,3332
1631,570aa9fa,0,0,0,0,0,3328
1632,0da3e725,0,0,0,0,0,3323
1633,5300548a,0,0,0,0,0,3320
1634,a64a3e25,0,0,0,0,0,3317
1635,59314afc,0,0,0,0,0,3317
1636,2514a058,0,0,0,0,0,3317
1637,f785d0ed,0,0,0,0,0,3316
1638,2451e5de,0,0,0,0,0,3316
1639,218823fa,0,0,0,0,0,3316
1640,4086d02f,0,0,0,0,0,3316
1641,36c40dab,0,0,0,0,0,3314
1642,e8bc96c5,0,0,0,0,0,3310
1643,2748f274,0,0,0,0,0,3310
1644,c429b34c,0,0,0,0,0,3310
1645,637f046e,0,0,0,0,0,3305
1646,2e3efc7d,0,0,0,0,0,3304
1647,ddde5371,0,0,0,0,0,3299
1648,665fccda,0,0,0,0,0,3295
1649,da16fdc9,0,0,0,0,0,3295
1650,1863df4d,0,0,0,0,0,3294
1651,3e1493d9,0,0,0,0,0,3294
1652,9db01c31,0,0,0,0,0,3293
1653,1505d6dc,0,0,0,0,0,3293
1654,09527b3f,0,0,0,0,0,3293
1655,21471f84,0,0,0,0,0,3293
1656,94f76c99,0,0,0,0,0,3293
1657,9fe50393,0,0,0,0,0,3292
1658,0bef1af0,0,0,0,0,0,3292
1659,b4d78c4d,0,0,0,0,0,3292
1660,77ba1e5e,0,0,0,0,0,3292
1661,9dcf1ebd,0,0,0,0,0,3292
1662,2e9220e9,0,0,0,0,0,3292
1663,faef016a,0,0,0,0,0,3292
1664,3d3457f4,0,0,0,0,0,3292
1665,158ca6f4,0,0,0,0,0,3292
1666,35d3f7ec,0,0,0,0,0,3292
1667,8a45b8bc,0,0,0,0,0,3292
1668,70a217c4,0,0,0,0,0,3292
1669,4efc8af6,0,0,0,0,0,3291
1670,54f6fbf5,0,0,0,0,0,3291
1671,f32198b1,0,0,0,0,0,3291
1672,518e6da2,0,0,0,0,0,3291
1673,caade0db,0,0,0,0,0,3291
1674,413c4120,0,0,0,0,0,3291
1675,0b02fc11,0,0,0,0,0,3290
1676,a9fe305c,0,0,0,0,0,3290
1677,d0384ac8,0,0,0,0,0,3290
1678,2706c4b4,0,0,0,0,0,3288
1679,8550f022,0,0,0,0,0,3288
1680,8a19a0e2,0,0,0,0,0,3287
1681,b7f85c1a,0,0,0,0,0,3284
1682,9a17be01,0,0,0,0,0,3284
1683,d545fdd1,0,0,0,0,0,3284
1684,ba18ddba,0,0,0,0,0,3278
1685,898b33ac,0,0,0,0,0,3265
1686,bc795915,0,0,0,0,0,3265
1687,f8363b4e,0,0,0,0,0,3250
1688,2f997577,0,0,0,0,0,3250
1689,ceb7ebcc,0,0,0,0,0,3250
1690,ccdebd93,0,0,0,0,0,3250
1691,de80f40a,0,0,0,0,0,3250
1692,8ef44683,0,0,0,0,0,3250
1693,2fa4b6b8,0,0,0,0,0,3248
1694,320fae65,0,0,0,0,0,3247
1695,16a63149,0,0,0,0,0,3234
1696,b7d1d69e,0,0,0,0,0,3234
1697,e29551b3,0,0,0,0,0,3232
1698,90b86463,0,0,0,0,0,3226
1699,e42006ea,0,0,0,0,0,3217
1700,4d38bede,0,0,0,0,0,3216
1701,ee5bc9b6,0,0,0,0,0,3216
1702,7985a45e,0,0,0,0,0,3213
1703,57c323a0,0,0,0,0,0,3199
1704,8e452a01,0,0,0,0,0,3199
1705,c9829f5a,0,0,0,0,0,3199
1706,55ffb873,0,0,0,0,0,3193
1707,5f9ab2e1,0,0,0,0,0,3193
1708,aa82dc28,0,0,0,0,0,3192
1709,639cc93c,0,0,0,0,0,3191
1710,43d4e8f4,0,0,0,0,0,3187
1711,e38de5d1,0,0,0,0,0,3186
1712,9a74e028,0,0,0,0,0,3186
1713,05b0a00f,0,0,0,0,0,3185
1714,dedc1575,0,0,0,0,0,3185
1715,15301ffb,0,0,0,0,0,3185
1716,46aca9de,0,0,0,0,0,3185
1717,53d11805,0,0,0,0,0,3184
1718,ea62c7fb,0,0,0,0,0,3183
1719,84d4b9e2,0,0,0,0,0,3181
1720,78856ca1,0,0,0,0,0,3160
1721,3c26d6ff,0,0,0,0,0,3160
1722,0155befe,0,0,0,0,0,3160
1723,e9ca02cc,0,0,0,0,0,3160
1724,87a46db5,0,0,0,0,0,3160
1725,d550a62f,0,0,0,0,0,3160
1726,44f798c9,0,0,0,0,0,3158
1727,b930227f,0,0,0,0,0,3158
1728,6293899e,0,0,0,0,0,3158
1729,fdfd5953,0,0,0,0,0,3158
1730,838a106e,0,0,0,0,0,3157
1731,73054957,0,0,0,0,0,3157
1732,e1395539,0,0,0,0,0,3157
1733,321319c9,0,0,0,0,0,3157
1734,4e3cbc31,0,0,0,0,0,3157
1735,c2e94980,0,0,0,0,0,3157
1736,5a436e52,0,0,0,0,0,3156
1737,b28ec1bf,0,0,0,0,0,3156
1738,e9ed1f57,0,0,0,0,0,3156
1739,df203b7d,0,0,0,0,0,3156
1740,7201c0c2,0,0,0,0,0,3156
1741,20de472d,0,0,0,0,0,3156
1742,d8385495,0,0,0,0,0,3152
1743,c017b6ba,0,0,0,0,0,3149
1744,b6457c4d,0,0,0,0,0,3149
1745,52954145,0,0,0,0,0,3147
1746,6e14fc14,0,0,0,0,0,3144
1747,f24317d1,0,0,0,0,0,3141
1748,889bed9f,0,0,0,0,0,3138
1749,398420e7,0,0,0,0,0,3136
1750,8dccdcc7,0,0,0,0,0,3136
1751,697556b9,0,0,0,0,0,3136
1752,4dc5821a,0,0,0,0,0,3136
1753,2c1d3f79,0,0,0,0,0,3136
1754,8901aed4,0,0,0,0,0,3136
1755,e2e564a1,0,0,0,0,0,3136
1756,1179458a,0,0,0,0,0,3136
1757,73dc5eeb,0,0,0,0,0,3136
1758,f7cf9a22,0,0,0,0,0,3136
1759,1487890a,0,0,0,0,0,3136
1760,f81dd8f3,0,0,0,0,0,3136
1761,a2a5d879,0,0,0,0,0,3136
1762,03769cee,0,0,0,0,0,3132
1763,c9ca7b99,0,0,0,0,0,3132
1764,0edf0628,0,0,0,0,0,3131
1765,a901dbf1,0,0,0,0,0,3131
1766,c222ad92,0,0,0,0,0,3130
1767,9aea0579,0,0,0,0,0,3129
1768,9b6aeffa,0,0,0,0,0,3129
1769,264d2038,0,0,0,0,0,3129
1770,168a1d6e,0,0,0,0,0,3127
1771,cdaca60a,0,0,0,0,0,3127
1772,dd3d12f0,0,0,0,0,0,3126
1773,fcd02a0a,0,0,0,0,0,3126
1774,460a6044,0,0,0,0,0,3124
1775,c98900eb,0,0,0,0,0,3124
1776,b257aeec,0,0,0,0,0,3124
1777,034805c3,0,0,0,0,0,3123
1778,f643326e,0,0,0,0,0,3123
1779,278e06df,0,0,0,0,0,3123
1780,6425e97a,0,0,0,0,0,3122
1781,bfbc573c,0,0,0,0,0,3121
1782,1779158a,0,0,0,0,0,3121
1783,c82a5116,0,0,0,0,0,3120
1784,a273929a,0,0,0,0,0,3120
1785,d04288a5,0,0,0,0,0,3120
1786,fc91b38a,0,0,0,0,0,3120
1787,a92a196d,0,0,0,0,0,3120
1788,5c0cb574,0,0,0,0,0,3117
1789,12d11324,0,0,0,0,0,3117
1790,2aa1fc14,0,0,0,0,0,3117
1791,b2848167,0,0,0,0,0,3116
1792,d72e9b3a,0,0,0,0,0,3116
1793,877970d7,0,0,0,0,0,3115
1794,01a7e66d,0,0,0,0,0,3115
1795,093284e5,0,0,0,0,0,3115
1796,ba065fca,0,0,0,0,0,3115
1797,b6d7989a,0,0,0,0,0,3115
1798,b0090c51,0,0,0,0,0,3114
1799,f492a000,0,0,0,0,0,3114
1800,e798d494,0,0,0,0,0,3114
1801,38e6a997,0,0,0,0,0,3114
1802,e99b061a,0,0,0,0,0,3114
1803,41e08bfa,0,0,0,0,0,3113
1804,9c0a28cd,0,0,0,0,0,3112
1805,9d3171f1,0,0,0,0,0,3107
1806,1c322eb8,0,0,0,0,0,3106
1807,1db3da37,0,0,0,0,0,3106
1808,d695c0e8,0,0,0,0,0,3106
1809,712cafd1,0,0,0,0,0,3106
1810,c2dd3ccc,0,0,0,0,0,3105
1811,de45d141,0,0,0,0,0,3103
1812,9ec0c135,0,0,0,0,0,3102
1813,c02e1b3f,0,0,0,0,0,3102
1814,fbb55616,0,0,0,0,0,3101
1815,d38d340a,0,0,0,0,0,3101
1816,8155bab2,0,0,0,0,0,3099
1817,b15a62f7,0,0,0,0,0,3097
1818,b6ef9a74,0,0,0,0,0,3097
1819,4232febf,0,0,0,0,0,3096
1820,6ceddc02,0,0,0,0,0,3096
1821,4136406a,0,0,0,0,0,3095
1822,aa92e0e9,0,0,0,0,0,3094
1823,40bf945d,0,0,0,0,0,3094
1824,a7984199,0,0,0,0,0,3093
1825,4a9f0a6e,0,0,0,0,0,3093
1826,4e50149a,0,0,0,0,0,3092
1827,f5a8aa7b,0,0,0,0,0,3092
1828,a97d0888,0,0,0,0,0,3091
1829,25d75299,0,0,0,0,0,3090
1830,323adda5,0,0,0,0,0,3090
1831,3a073e8e,0,0,0,0,0,3090
1832,6a8961cc,0,0,0,0,0,3090
1833,19c10ca4,0,0,0,0,0,3090
1834,d4dc9e1a,0,0,0,0,0,3090
1835,2c0be950,0,0,0,0,0,3088
1836,917145db,0,0,0,0,0,3088
1837,276a9c45,0,0,0,0,0,3088
1838,3d34035b,0,0,0,0,0,3088
1839,e368786b,0,0,0,0,0,3088
1840,3ebbcab3,0,0,0,0,0,3087
1841,2ea32988,0,0,0,0,0,3087
1842,7ff88c8f,0,0,0,0,0,3087
1843,5bdd456c,0,0,0,0,0,3085
1844,0730d6c7,0,0,0,0,0,3085
1845,696b6e11,0,0,0,0,0,3083
1846,846f34df,0,0,0,0,0,3082
1847,79c1aa0b,0,0,0,0,0,3080
1848,79a3325b,0,0,0,0,0,3080
1849,a544aef2,0,0,0,0,0,3080
1850,7f6198fe,0,0,0,0,0,3080
1851,508497a8,0,0,0,0,0,3079
1852,983bef04,0,0,0,0,0,3079
1853,500434f2,0,0,0,0,0,3078
1854,549a45b2,0,0,0,0,0,3078
1855,b1e50988,0,0,0,0,0,3074
1856,90fc40bb,0,0,0,0,0,3073
1857,e37f99cc,0,0,0,0,0,3073
1858,1f7b7a32,0,0,0,0,0,3073
1859,882dd890,0,0,0,0,0,3073
1860,f6f1d7af,0,0,0,0,0,3071
1861,305357a4,0,0,0,0,0,3068
1862,5cd571a1,0,0,0,0,0,3068
1863,3627984c,0,0,0,0,0,3067
1864,4a021ce3,0,0,0,0,0,3067
1865,d7afb22c,0,0,0,0,0,3066
1866,b6bfa850,0,0,0,0,0,3066
1867,cbb0c480,0,0,0,0,0,3066
1868,4464a658,0,0,0,0,0,3065
1869,f90b20ce,0,0,0,0,0,3065
1870,265f0836,0,0,0,0,0,3063
1871,af4a7f17,0,0,0,0,0,3061
1872,d9de7f7c,0,0,0,0,0,3061
1873,7e081f0d,0,0,0,0,0,3061
1874,b95f92e1,0,0,0,0,0,3061
1875,4146dd8c,0,0,0,0,0,3061
1876,d1431569,0,0,0,0,0,3061
1877,c29390b4,0,0,0,0,0,3061
1878,cd1ac109,0,0,0,0,0,3060
1879,f4c45c1e,0,0,0,0,0,3060
1880,5fbe5ea4,0,0,0,0,0,3059
1881,f4447aef,0,0,0,0,0,3059
1882,584309b3,0,0,0,0,0,3055
1883,a54e7031,0,0,0,0,0,3053
1884,d73f4c1b,0,0,0,0,0,3050
1885,932721b5,0,0,0,0,0,3045
1886,c6355ba4,0,0,0,0,0,3045
1887,fd5cab18,0,0,0,0,0,3035
1888,ec85a831,0,0,0,0,0,3035
1889,9d6d3b62,0,0,0,0,0,3035
1890,10d7d1c0,0,0,0,0,0,3035
1891,720f2f2a,0,0,0,0,0,3025
1892,96c021c8,0,0,0,0,0,3019
1893,371b754e,0,0,0,0,0,3019
1894,b1781b2a,0,0,0,0,0,3019
1895,60bca79a,0,0,0,0,0,3019
1896,e1ca6d2f,0,0,0,0,0,3016
1897,458575bf,0,0,0,0,0,3016
1898,0373fbed,0,0,0,0,0,3011
1899,5f5269f1,0,0,0,0,0,3011
1900,26add4a3,0,0,0,0,0,3011
1901,2f310c37,0,0,0,0,0,3011
1902,0bbbd742,0,0,0,0,0,3011
1903,ee0997df,0,0,0,0,0,3011
1904,5f645aa3,0,0,0,0,0,3011
1905,3f444fc7,0,0,0,0,0,3010
1906,12422437,0,0,0,0,0,3010
1907,69a7589a,0,0,0,0,0,3009
1908,a6a328a7,0,0,0,0,0,3009
1909,fc298adb,0,0,0,0,0,3009
1910,aaf08cec,0,0,0,0,0,3009
1911,3ab8ff37,0,0,0,0,0,3009
1912,d87d19be,0,0,0,0,0,3009
1913,f07e2a4c,0,0,0,0,0,3009
1914,eba4709c,0,0,0,0,0,3009
1915,0171390d,0,0,0,0,0,3009
1916,c53c5f1e,0,0,0,0,0,3003
1917,e8c5d1bc,0,0,0,0,0,3000
1918,485f06bb,0,0,0,0,0,2998
1919,5769675b,0,0,0,0,0,2998
1920,456461b1,0,0,0,0,0,2996
1921,68243b22,0,0,0,0,0,2995
1922,edeee62f,0,0,0,0,0,2995
1923,e1b869d6,0,0,0,0,0,2995
1924,228e85de,0,0,0,0,0,2994
1925,53e3c078,0,0,0,0,0,2989
1926,e71b14d2,0,0,0,0,0,2980
1927,f08b21bd,0,0,0,0,0,2980
1928,d2aafabd,0,0,0,0,0,2980
1929,0ed67115,0,0,0,0,0,2980
1930,0ba38201,0,0,0,0,0,2977
1931,345e69dc,0,0,0,0,0,2976
1932,412035e9,0,0,0,0,0,2975
1933,c421099c,0,0,0,0,0,2972
1934,84ed0e3e,0,0,0,0,0,2972
1935,3c4e5f3d,0,0,0,0,0,2972
1936,ff1acb48,0,0,0,0,0,2967
1937,600c19f5,0,0,0,0,0,2967
1938,077dbc68,0,0,0,0,0,2967
1939,4add562f,0,0,0,0,0,2967
1940,013d53a6,0,0,0,0,0,2967
1941,3665ee0d,0,0,0,0,0,2966
1942,29ffce39,0,0,0,0,0,2966
1943,87d5a1dc,0,0,0,0,0,2966
1944,45456cf1,0,0,0,0,0,2966
1945,a679b4f4,0,0,0,0,0,2966
1946,6a58c84b,0,0,0,0,0,2961
1947,68a10147,0,0,0,0,0,2957
1948,fc37a115,0,0,0,0,0,2955
1949,6fad24ae,0,0,0,0,0,2955
1950,26ee6689,0,0,0,0,0,2955
1951,eeaec64f,0,0,0,0,0,2954
1952,d917eec0,0,0,0,0,0,2954
1953,2bd70ff4,0,0,0,0,0,2954
1954,b8c0487c,0,0,0,0,0,2954
1955,f0f2c89f,0,0,0,0,0,2954
1956,e34e868d,0,0,0,0,0,2949
1957,bcabf224,0,0,0,0,0,2949
1958,664a2733,0,0,0,0,0,2948
1959,2fba1839,0,0,0,0,0,2948
1960,70e8b484,0,0,0,0,0,2948
1961,eb26f23b,0,0,0,0,0,2948
1962,d04b7baa,0,0,0,0,0,2948
1963,f9839221,0,0,0,0,0,2946
1964,531ac65c,0,0,0,0,0,2946
1965,52ddef91,0,0,0,0,0,2946
1966,cc604018,0,0,0,0,0,2946
1967,aa09b301,0,0,0,0,0,2946
1968,908b81dd,0,0,0,0,0,2946
1969,96fb80f5,0,0,0,0,0,2945
1970,1e98030f,0,0,0,0,0,2944
1971,27b57bf5,0,0,0,0,0,2944
1972,0a2c31d8,0,0,0,0,0,2943
1973,69057e17,0,0,0,0,0,2943
1974,b1c387e9,0,0,0,0,0,2942
1975,656c6ece,0,0,0,0,0,2941
1976,ab9452fd,0,0,0,0,0,2941
1977,7a33d56a,0,0,0,0,0,2941
1978,56b7cbe1,0,0,0,0,0,2940
1979,853149b7,0,0,0,0,0,2939
1980,e208df7f,0,0,0,0,0,2939
1981,dc3b8d47,0,0,0,0,0,2937
1982,b833be80,0,0,0,0,0,2937
1983,ea9662ee,0,0,0,0,0,2935
1984,0533ce7c,0,0,0,0,0,2935
1985,3956b9f3,0,0,0,0,0,2935
1986,c72ac38d,0,0,0,0,0,2933
1987,2e72fffa,0,0,0,0,0,2933
1988,594f24cf,0,0,0,0,0,2933
1989,eeba3e36,0,0,0,0,0,2932
1990,74213fa4,0,0,0,0,0,2932
1991,4ab2f949,0,0,0,0,0,2932
1992,1dd6b903,0,0,0,0,0,2932
1993,f596896b,0,0,0,0,0,2932
1994,9056303b,0,0,0,0,0,2931
1995,47f900a0,0,0,0,0,0,2929
1996,efe3d7d7,0,0,0,0,0,2920
1997,981aa247,0,0,0,0,0,2919
1998,86e8b3d8,0,0,0,0,0,2917
1999,6b0fdc74,0,0,0,0,0,2916
2000,f17ef0ad,0,0,0,0,0,2916
2001,bb902afa,0,0,0,0,0,2915
2002,9385b90c,0,0,0,0,0,2915
2003,b524b797,0,0,0,0,0,2914
2004,4790be3c,0,0,0,0,0,2914
2005,4aa221dd,0,0,0,0,0,2901
2006,914c9ceb,0,0,0,0,0,2900
2007,e7d9978f,0,0,0,0,0,2895
2008,834d5e66,0,0,0,0,0,2895
2009,f69b8a34,0,0,0,0,0,2893
2010,fc8df4ef,0,0,0,0,0,2891
2011,d90302ed,0,0,0,0,0,2885
2012,e40168d0,0,0,0,0,0,2884
2013,4db81679,0,0,0,0,0,2884
2014,78295c16,0,0,0,0,0,2883
2015,2d17d461,0,0,0,0,0,2883
2016,7005e49c,0,0,0,0,0,2882
2017,6bcb8e0b,0,0,0,0,0,2882
2018,23f6255c,0,0,0,0,0,2882
2019,553e7dd3,0,0,0,0,0,2882
2020,0fb27248,0,0,0,0,0,2882
2021,bace78eb,0,0,0,0,0,2882
2022,8caacb03,0,0,0,0,0,2882
2023,25d95561,0,0,0,0,0,2882
2024,888b7835,0,0,0,0,0,2882
2025,0364f015,0,0,0,0,0,2882
2026,087fbac7,0,0,0,0,0,2882
2027,38c76470,0,0,0,0,0,2881
2028,da8ac20f,0,0,0,0,0,2881
2029,64ca7493,0,0,0,0,0,2881
2030,5e2c0147,0,0,0,0,0,2878
2031,71ef6682,0,0,0,0,0,2878
2032,a4183478,0,0,0,0,0,2877
2033,ee1fec2a,0,0,0,0,0,2875
2034,089daca6,0,0,0,0,0,2875
2035,95886bc4,0,0,0,0,0,2874
2036,c0c92b81,0,0,0,0,0,2872
2037,95d65666,0,0,0,0,0,2871
2038,196da424,0,0,0,0,0,2871
2039,0101c2f9,0,0,0,0,0,2871
2040,79e7eaae,0,0,0,0,0,2869
2041,995122f9,0,0,0,0,0,2865
2042,c1a065ae,0,0,0,0,0,2864
2043,c787841e,0,0,0,0,0,2864
2044,d6216b42,0,0,0,0,0,2863
2045,9d0d5245,0,0,0,0,0,2863
2046,c1dc4b05,0,0,0,0,0,2862
2047,9d2774d0,0,0,0,0,0,2862
2048,3e98175a,0,0,0,0,0,2862
2049,8048c7fe,0,0,0,0,0,2862
2050,75e959dc,0,0,0,0,0,2862
2051,b7b4ef91,0,0,0,0,0,2861
2052,56b4d027,0,0,0,0,0,2858
2053,6b5327c6,0,0,0,0,0,2858
2054,7fb04c18,0,0,0,0,0,2858
2055,3884ae99,0,0,0,0,0,2857
2056,77b600f8,0,0,0,0,0,2857
2057,4b7aa84f,0,0,0,0,0,2856
2058,199f171a,0,0,0,0,0,2854
2059,eff62c7a,0,0,0,0,0,2851
2060,11536d3d,0,0,0,0,0,2844
2061,80d9c1c8,0,0,0,0,0,2844
2062,e944db67,0,0,0,0,0,2843
2063,613ef11a,0,0,0,0,0,2842
2064,eeee0720,0,0,0,0,0,2837
2065,eeb3f4f1,0,0,0,0,0,2828
2066,01bf4cdb,0,0,0,0,0,2828
2067,d9e2140b,0,0,0,0,0,2828
2068,08140864,0,0,0,0,0,2828
2069,75937296,0,0,0,0,0,2827
2070,fea3c555,0,0,0,0,0,2827
2071,3e445503,0,0,0,0,0,2827
2072,cb89108e,0,0,0,0,0,2826
2073,cc6a57e0,0,0,0,0,0,2826
2074,4282ad94,0,0,0,0,0,2826
2075,922d442c,0,0,0,0,0,2825
2076,d6ffa536,0,0,0,0,0,2825
2077,68e38d26,0,0,0,0,0,2825
2078,b83c1b93,0,0,0,0,0,2823
2079,df36e108,0,0,0,0,0,2823
2080,4f03bedb,0,0,0,0,0,2822
2081,bcd41d70,0,0,0,0,0,2822
2082,8a170e0a,0,0,0,0,0,2822
2083,e08e097a,0,0,0,0,0,2820
2084,303100b7,0,0,0,0,0,2819
2085,9bdc844a,0,0,0,0,0,2812
2086,6bb9398b,0,0,0,0,0,2808
2087,1003beff,0,0,0,0,0,2808
2088,65194e9d,0,0,0,0,0,2808
2089,2b31931e,0,0,0,0,0,2807
2090,7d7e7b1a,0,0,0,0,0,2802
2091,85a99b22,0,0,0,0,0,2800
2092,f3a6831d,0,0,0,0,0,2793
2093,0b3ef4b0,0,0,0,0,0,2793
2094,ebc83e74,0,0,0,0,0,2793
2095,1cdbd438,0,0,0,0,0,2778
2096,92b7e8cd,0,0,0,0,0,2776
2097,037b915b,0,0,0,0,0,2774
2098,9cc7c1ac,0,0,0,0,0,2771
2099,ae429fab,0,0,0,0,0,2768
2100,a86424fc,0,0,0,0,0,2763
2101,cc4b18e8,0,0,0,0,0,2745
2102,8acc3ad6,0,0,0,0,0,2742
2103,b1220dd5,0,0,0,0,0,2740
2104,502908d5,0,0,0,0,0,2740
2105,1fe5fa3c,0,0,0,0,0,2728
2106,af2b0d92,0,0,0,0,0,2727
2107,061640e5,0,0,0,0,0,2724
2108,b6e32c9d,0,0,0,0,0,2724
2109,48b34a5a,0,0,0,0,0,2724
2110,b840ce49,0,0,0,0,0,2724
2111,1dbd3e4f,0,0,0,0,0,2724
2112,988b769b,0,0,0,0,0,2724
2113,17a5fa3e,0,0,0,0,0,2724
2114,2bc42458,0,0,0,0,0,2724
2115,9debe112,0,0,0,0,0,2724
2116,a7caa74b,0,0,0,0,0,2724
2117,746bb7ae,0,0,0,0,0,2724
2118,c7c70ec4,0,0,0,0,0,2724
2119,54667c0a,0,0,0,0,0,2724
2120,fe84b293,0,0,0,0,0,2724
2121,f67e5960,0,0,0,0,0,2724
2122,d1a2565d,0,0,0,0,0,2723
2123,ff8896bf,0,0,0,0,0,2723
2124,205258b1,0,0,0,0,0,2723
2125,9b8db25b,0,0,0,0,0,2723
2126,db04b073,0,0,0,0,0,2722
2127,a718eee6,0,0,0,0,0,2719
2128,b7291b4c,0,0,0,0,0,2717
2129,54c767ee,0,0,0,0,0,2714
2130,594f2f4b,0,0,0,0,0,2714
2131,715a34c8,0,0,0,0,0,2714
2132,e9c87971,0,0,0,0,0,2714
2133,f04d653b,0,0,0,0,0,2714
2134,653ae802,0,0,0,0,0,2713
2135,d4215004,0,0,0,0,0,2713
2136,260d370b,0,0,0,0,0,2708
2137,ba9d0565,0,0,0,0,0,2703
2138,860578ca,0,0,0,0,0,2700
2139,580a72d2,0,0,0,0,0,2700
2140,7ec83594,0,0,0,0,0,2695
2141,60f07245,0,0,0,0,0,2694
2142,47e6f459,0,0,0,0,0,2694
2143,3ddbbcc2,0,0,0,0,0,2694
2144,93ae3c74,0,0,0,0,0,2694
2145,80c8fb4d,0,0,0,0,0,2694
2146,bd2585f5,0,0,0,0,0,2690
2147,34675f33,0,0,0,0,0,2690
2148,08f88336,0,0,0,0,0,2689
2149,22d2c89b,0,0,0,0,0,2689
2150,3826597f,0,0,0,0,0,2687
2151,24d5d8b4,0,0,0,0,0,2687
2152,238195f0,0,0,0,0,0,2687
2153,71eb5c85,0,0,0,0,0,2686
2154,9a2c4bc0,0,0,0,0,0,2686
2155,def5c423,0,0,0,0,0,2686
2156,d30d5c48,0,0,0,0,0,2684
2157,28c75eff,0,0,0,0,0,2684
2158,50b27ac7,0,0,0,0,0,2684
2159,67a1cc71,0,0,0,0,0,2684
2160,e98c8230,0,0,0,0,0,2684
2161,36d12dd5,0,0,0,0,0,2683
2162,3524ca42,0,0,0,0,0,2683
2163,eddeaa64,0,0,0,0,0,2683
2164,772e3525,0,0,0,0,0,2683
2165,552c5843,0,0,0,0,0,2683
2166,425d4941,0,0,0,0,0,2683
2167,92e522db,0,0,0,0,0,2683
2168,defc45ca,0,0,0,0,0,2683
2169,896fa04c,0,0,0,0,0,2683
2170,f18074b5,0,0,0,0,0,2683
2171,c06d7ae1,0,0,0,0,0,2683
2172,722f5c25,0,0,0,0,0,2683
2173,56e6a6c8,0,0,0,0,0,2683
2174,fe360e7b,0,0,0,0,0,2683
2175,eaaa6fc3,0,0,0,0,0,2683
2176,9b5b7e9e,0,0,0,0,0,2683
2177,7e162182,0,0,0,0,0,2683
2178,0b7d6186,0,0,0,0,0,2683
2179,da69db63,0,0,0,0,0,2683
2180,92448db3,0,0,0,0,0,2683
2181,036e7176,0,0,0,0,0,2683
2182,7eb9097b,0,0,0,0,0,2683
2183,78198edc,0,0,0,0,0,2683
2184,49089902,0,0,0,0,0,2683
2185,79c90bd1,0,0,0,0,0,2683
2186,2dea804f,0,0,0,0,0,2683
2187,c79ccfe7,0,0,0,0,0,2683
2188,fb87869f,0,0,0,0,0,2683
2189,b51514de,0,0,0,0,0,2683
2190,acf30a55,0,0,0,0,0,2683
2191,9c666a3c,0,0,0,0,0,2683
2192,2bbfeb5b,0,0,0,0,0,2683
2193,73d8aac1,0,0,0,0,0,2682
2194,81b6a1ac,0,0,0,0,0,2682
2195,d90f2140,0,0,0,0,0,2682
2196,33b4fc1d,0,0,0,0,0,2682
2197,93d4fa65,0,0,0,0,0,2682
2198,5c89f7b4,0,0,0,0,0,2682
2199,5d11a3e7,0,0,0,0,0,2682
2200,013ed18c,0,0,0,0,0,2682
2201,29e692e4,0,0,0,0,0,2682
2202,9c02dde2,0,0,0,0,0,2681
2203,b3b1b712,0,0,0,0,0,2680
2204,10ee9686,0,0,0,0,0,2679
2205,298b2370,0,0,0,0,0,2679
2206,1b2c126f,0,0,0,0,0,2674
2207,406e3aaa,0,0,0,0,0,2674
2208,9ec038be,0,0,0,0,0,2674
2209,254cc058,0,0,0,0,0,2674
2210,4a6adb58,0,0,0,0,0,2674
2211,57c68567,0,0,0,0,0,2669
2212,3220bbf6,0,0,0,0,0,2669
2213,09027e72,0,0,0,0,0,2668
2214,68855c40,0,0,0,0,0,2662
2215,b370df34,0,0,0,0,0,2662
2216,6cbac13a,0,0,0,0,0,2661
2217,c85a1e03,0,0,0,0,0,2659
2218,444b41a0,0,0,0,0,0,2657
2219,b2e8a927,0,0,0,0,0,2657
2220,5e0875f0,0,0,0,0,0,2657
2221,85f876d6,0,0,0,0,0,2648
2222,719daae5,0,0,0,0,0,2647
2223,7b9408e7,0,0,0,0,0,2640
2224,cb983ea5,0,0,0,0,0,2639
2225,cd1f9fc9,0,0,0,0,0,2633
2226,64fade92,0,0,0,0,0,2632
2227,92b5d6d0,0,0,0,0,0,2625
2228,b40661e4,0,0,0,0,0,2618
2229,0a93660d,0,0,0,0,0,2606
2230,1ba8a897,0,0,0,0,0,2603
2231,c5b8b8db,0,0,0,0,0,2597
2232,a2620213,0,0,0,0,0,2597
2233,fd6ebf7b,0,0,0,0,0,2596
2234,7797380c,0,0,0,0,0,2595
2235,dac3450d,0,0,0,0,0,2592
2236,30d59356,0,0,0,0,0,2592
2237,700b390d,0,0,0,0,0,2587
2238,8e30f60e,0,0,0,0,0,2584
2239,5ff23f96,0,0,0,0,0,2584
2240,51ba114e,0,0,0,0,0,2583
2241,6b6ad607,0,0,0,0,0,2583
2242,07e7a0c2,0,0,0,0,0,2582
2243,59b22907,0,0,0,0,0,2582
2244,dc0642e0,0,0,0,0,0,2575
2245,4709d85a,0,0,0,0,0,2574
2246,54e3ad83,0,0,0,0,0,2574
2247,8b01566b,0,0,0,0,0,2574
2248,101850f4,0,0,0,0,0,2574
2249,00a8e01a,0,0,0,0,0,2574
2250,0d12fdcb,0,0,0,0,0,2574
2251,40baf04c,0,0,0,0,0,2574
2252,96725752,0,0,0,0,0,2569
2253,2ebd8202,0,0,0,0,0,2569
2254,48c22cc2,0,0,0,0,0,2569
2255,7ae0a8ac,0,0,0,0,0,2568
2256,ad092c5d,0,0,0,0,0,2568
2257,d66b842b,0,0,0,0,0,2568
2258,8ad27884,0,0,0,0,0,2568
2259,32694108,0,0,0,0,0,2568
2260,0700b14d,0,0,0,0,0,2568
2261,c5c0bc68,0,0,0,0,0,2564
2262,f265f7b6,0,0,0,0,0,2564
2263,6d2579d5,0,0,0,0,0,2564
2264,51f7fe36,0,0,0,0,0,2564
2265,0490cdd6,0,0,0,0,0,2564
2266,c6113729,0,0,0,0,0,2564
2267,a80b4533,0,0,0,0,0,2564
2268,4006d7e4,0,0,0,0,0,2564
2269,41afff3f,0,0,0,0,0,2564
2270,80cf0fec,0,0,0,0,0,2564
2271,899c7c80,0,0,0,0,0,2564
2272,4c896048,0,0,0,0,0,2564
2273,d9cc6c88,0,0,0,0,0,2560
2274,a3b9c172,0,0,0,0,0,2558
2275,d20886cd,0,0,0,0,0,2557
2276,dbf7a771,0,0,0,0,0,2557
2277,8ed2196c,0,0,0,0,0,2557
2278,7284afbe,0,0,0,0,0,2543
2279,d7c64ee9,0,0,0,0,0,2542
2280,ca956c1b,0,0,0,0,0,2542
2281,9e4c8332,0,0,0,0,0,2537
2282,4216fc1f,0,0,0,0,0,2534
2283,0852f1b4,0,0,0,0,0,2529
2284,770285d5,0,0,0,0,0,2528
2285,2ad9a219,0,0,0,0,0,2528
2286,f3e67f80,0,0,0,0,0,2521
2287,6c4f30fc,0,0,0,0,0,2521
2288,95953f85,0,0,0,0,0,2520
2289,0bc123c9,0,0,0,0,0,2520
2290,262fec52,0,0,0,0,0,2520
2291,d5a4d668,0,0,0,0,0,2519
2292,80b00147,0,0,0,0,0,2518
2293,f5bf414a,0,0,0,0,0,2518
2294,caae4ef0,0,0,0,0,0,2515
2295,f955504b,0,0,0,0,0,2515
2296,3df564f0,0,0,0,0,0,2515
2297,93a2264d,0,0,0,0,0,2515
2298,f55bdec7,0,0,0,0,0,2513
2299,2b302e05,0,0,0,0,0,2511
2300,d5e17d7e,0,0,0,0,0,2511
2301,683bb070,0,0,0,0,0,2510
2302,e8dbce5f,0,0,0,0,0,2510
2303,c6947170,0,0,0,0,0,2508
2304,8c85040d,0,0,0,0,0,2508
2305,18944189,0,0,0,0,0,2508
2306,7c33892b,0,0,0,0,0,2508
2307,196ac3f3,0,0,0,0,0,2508
2308,d2400e07,0,0,0,0,0,2507
2309,95c0f485,0,0,0,0,0,2507
2310,79b1eae9,0,0,0,0,0,2507
2311,4f49584d,0,0,0,0,0,2506
2312,268d6cc1,0,0,0,0,0,2505
2313,d03d53cb,0,0,0,0,0,2505
2314,25dfe096,0,0,0,0,0,2505
2315,7e4cfbb6,0,0,0,0,0,2505
2316,4007c05f,0,0,0,0,0,2505
2317,c76412a8,0,0,0,0,0,2505
2318,8e1feea0,0,0,0,0,0,2505
2319,5e2d999c,0,0,0,0,0,2505
2320,ebd174ab,0,0,0,0,0,2505
2321,fb374dab,0,0,0,0,0,2505
2322,5a851c7f,0,0,0,0,0,2505
2323,b718e427,0,0,0,0,0,2505
2324,b1c46357,0,0,0,0,0,2505
2325,fdd7cae1,0,0,0,0,0,2505
2326,6d7b82d0,0,0,0,0,0,2505
2327,224711a6,0,0,0,0,0,2505
2328,aa4204b4,0,0,0,0,0,2505
2329,5c006f8d,0,0,0,0,0,2504
2330,6b2b1a6e,0,0,0,0,0,2504
2331,243c862a,0,0,0,0,0,2500
2332,70d34123,0,0,0,0,0,2500
2333,92700fd2,0,0,0,0,0,2499
2334,13952932,0,0,0,0,0,2499
2335,45100c7d,0,0,0,0,0,2499
2336,221e7ba5,0,0,0,0,0,2499
2337,1e2d2f38,0,0,0,0,0,2499
2338,3cd94a86,0,0,0,0,0,2498
2339,195753c5,0,0,0,0,0,2498
2340,2865cd0d,0,0,0,0,0,2498
2341,865260ba,0,0,0,0,0,2498
2342,96475684,0,0,0,0,0,2498
2343,208aa059,0,0,0,0,0,2498
2344,4ee8c3e0,0,0,0,0,0,2497
2345,2466424d,0,0,0,0,0,2491
2346,9e83772d,0,0,0,0,0,2490
2347,3bb9aa50,0,0,0,0,0,2490
2348,6f706c23,0,0,0,0,0,2489
2349,e82fdff2,0,0,0,0,0,2487
2350,cffb877b,0,0,0,0,0,2487
2351,067a2454,0,0,0,0,0,2487
2352,8c2d2c81,0,0,0,0,0,2487
2353,4478df7a,0,0,0,0,0,2487
2354,d568ebdb,0,0,0,0,0,2486
2355,a4c0c6ed,0,0,0,0,0,2486
2356,abe50faf,0,0,0,0,0,2486
2357,9af96d03,0,0,0,0,0,2486
2358,95e5c244,0,0,0,0,0,2486
2359,3f637807,0,0,0,0,0,2480
2360,fe876f96,0,0,0,0,0,2480
2361,061f150a,0,0,0,0,0,2479
2362,bb5f72f6,0,0,0,0,0,2475
2363,90c97da9,0,0,0,0,0,2473
2364,0739770c,0,0,0,0,0,2473
2365,49069049,0,0,0,0,0,2473
2366,ac583ff8,0,0,0,0,0,2473
2367,4c20cf53,0,0,0,0,0,2473
2368,04337ec9,0,0,0,0,0,2473
2369,1d09a830,0,0,0,0,0,2473
2370,0f227fa9,0,0,0,0,0,2470
2371,a46b25c7,0,0,0,0,0,2470
2372,de48ae0c,0,0,0,0,0,2469
2373,b47a2333,0,0,0,0,0,2462
2374,526a8c51,0,0,0,0,0,2462
2375,62106208,0,0,0,0,0,2460
2376,c69064b3,0,0,0,0,0,2457
2377,ebc05875,0,0,0,0,0,2457
2378,0047490d,0,0,0,0,0,2454
2379,3d2fcba7,0,0,0,0,0,2454
2380,66a1b705,0,0,0,0,0,2454
2381,4c9577a0,0,0,0,0,0,2454
2382,2c0bf9ac,0,0,0,0,0,2453
2383,8a758633,0,0,0,0,0,2453
2384,f6fed403,0,0,0,0,0,2453
2385,ce71992e,0,0,0,0,0,2452
2386,02c3aa87,0,0,0,0,0,2452
2387,a7315622,0,0,0,0,0,2452
2388,68a2f452,0,0,0,0,0,2452
2389,6cad0904,0,0,0,0,0,2452
2390,114a5bf4,0,0,0,0,0,2446
2391,2883531e,0,0,0,0,0,2427
2392,0cedb7c8,0,0,0,0,0,2426
2393,ae5eb31e,0,0,0,0,0,2424
2394,1964e953,0,0,0,0,0,2423
2395,3a56fb37,0,0,0,0,0,2420
2396,ec9afb1a,0,0,0,0,0,2420
2397,3b5df666,0,0,0,0,0,2420
2398,2489d1df,0,0,0,0,0,2420
2399,172592db,0,0,0,0,0,2420
2400,ccbf5174,0,0,0,0,0,2420
2401,35cf0a6a,0,0,0,0,0,2408
2402,602d9f9f,0,0,0,0,0,2397
2403,5a192e2b,0,0,0,0,0,2397
2404,babafa8c,0,0,0,0,0,2395
2405,dd354a8b,0,0,0,0,0,2395
2406,4e4424a5,0,0,0,0,0,2395
2407,e767d59e,0,0,0,0,0,2395
2408,88b56ddb,0,0,0,0,0,2385
2409,70489c4b,0,0,0,0,0,2385
2410,cd41e899,0,0,0,0,0,2381
2411,c4f47f34,0,0,0,0,0,2381
2412,6921c081,0,0,0,0,0,2381
2413,46613dfc,0,0,0,0,0,2381
2414,f114594c,0,0,0,0,0,2381
2415,978c67d3,0,0,0,0,0,2381
2416,1f3d34b6,0,0,0,0,0,2380
2417,2aecfef8,0,0,0,0,0,2374
2418,5f6bdd43,0,0,0,0,0,2372
2419,65ebd915,0,0,0,0,0,2368
2420,529e1373,0,0,0,0,0,2366
2421,d16152c1,0,0,0,0,0,2365
2422,a0dee0cb,0,0,0,0,0,2363
2423,bc2b4930,0,0,0,0,0,2363
2424,939c69d3,0,0,0,0,0,2358
2425,1e50e408,0,0,0,0,0,2358
2426,083aeaf1,0,0,0,0,0,2354
2427,0b124640,0,0,0,0,0,2354
2428,16e56622,0,0,0,0,0,2354
2429,793b8400,0,0,0,0,0,2351
2430,99727816,0,0,0,0,0,2351
2431,0baed01f,0,0,0,0,0,2349
2432,0838afd0,0,0,0,0,0,2347
2433,5f9f55df,0,0,0,0,0,2347
2434,306334fa,0,0,0,0,0,2347
2435,4a49a41a,0,0,0,0,0,2346
2436,2e292aa2,0,0,0,0,0,2340
2437,8cd9811f,0,0,0,0,0,2337
2438,1fa1a94c,0,0,0,0,0,2335
2439,213d5b18,0,0,0,0,0,2334
2440,a52b9794,0,0,0,0,0,2331
2441,5c5177e5,0,0,0,0,0,2329
2442,17cce6f2,0,0,0,0,0,2324
2443,56ec3b9c,0,0,0,0,0,2319
2444,d6b8a525,0,0,0,0,0,2319
2445,95754d77,0,0,0,0,0,2319
2446,5927ed19,0,0,0,0,0,2316
2447,a0b31445,0,0,0,0,0,2316
2448,fc250e56,0,0,0,0,0,2316
2449,ed79acbe,0,0,0,0,0,2315
2450,f798204f,0,0,0,0,0,2315
2451,d1da745d,0,0,0,0,0,2315
2452,542ccae5,0,0,0,0,0,2313
2453,6f70eca1,0,0,0,0,0,2313
2454,a319a25f,0,0,0,0,0,2303
2455,2220d106,0,0,0,0,0,2303
2456,f1e0f669,0,0,0,0,0,2303
2457,d85679d2,0,0,0,0,0,2303
2458,a4436e12,0,0,0,0,0,2301
2459,e883fbb3,0,0,0,0,0,2301
2460,e7b2729d,0,0,0,0,0,2299
2461,c46ec3f5,0,0,0,0,0,2294
2462,3ee78bbc,0,0,0,0,0,2294
2463,163f7804,0,0,0,0,0,2272
2464,2a0cd175,0,0,0,0,0,2267
2465,bf084410,0,0,0,0,0,2265
2466,50cb3a3d,0,0,0,0,0,2265
2467,6f4a7621,0,0,0,0,0,2254
2468,2fddd8e0,0,0,0,0,0,2253
2469,2ce0bdcc,0,0,0,0,0,2253
2470,68d48b3f,0,0,0,0,0,2252
2471,38a834af,0,0,0,0,0,2252
2472,a2a97467,0,0,0,0,0,2245
2473,e4157e5d,0,0,0,0,0,2233
2474,8fc08b32,0,0,0,0,0,2231
2475,6e6b8e51,0,0,0,0,0,2231
2476,a929148f,0,0,0,0,0,2230
2477,b29c8196,0,0,0,0,0,2229
2478,3b5990e3,0,0,0,0,0,2229
2479,64ce856b,0,0,0,0,0,2229
2480,41d040e0,0,0,0,0,0,2227
2481,7d8ac569,0,0,0,0,0,2226
2482,da8738d1,0,0,0,0,0,2225
2483,5f3ba04d,0,0,0,0,0,2224
2484,5cb55bcb,0,0,0,0,0,2223
2485,07af5813,0,0,0,0,0,2223
2486,412dfe76,0,0,0,0,0,2223
2487,14050dcc,0,0,0,0,0,2223
2488,1eb2553d,0,0,0,0,0,2218
2489,ce86e3ed,0,0,0,0,0,2217
2490,5d1871a8,0,0,0,0,0,2214
2491,d3a11715,0,0,0,0,0,2209
2492,6d72c0e3,0,0,0,0,0,2202
2493,12a8eaab,0,0,0,0,0,2202
2494,93525ebb,0,0,0,0,0,2201
2495,777f6ead,0,0,0,0,0,2201
2496,724a33a1,0,0,0,0,0,2198
2497,d5c520a8,0,0,0,0,0,2195
2498,fb56b494,0,0,0,0,0,2195
2499,11612ab9,0,0,0,0,0,2195
2500,2f66271d,0,0,0,0,0,2188
2501,fe175a84,0,0,0,0,0,2188
2502,3dbafa37,0,0,0,0,0,2188
2503,b2a7cb9f,0,0,0,0,0,2169
2504,e7190e71,0,0,0,0,0,2169
2505,d3bcbede,0,0,0,0,0,2169
2506,58973ffa,0,0,0,0,0,2169
2507,a09842cf,0,0,0,0,0,2168
2508,695d0028,0,0,0,0,0,2154
2509,697ccb31,0,0,0,0,0,2154
2510,50379ccb,0,0,0,0,0,2154
2511,3b905dc6,0,0,0,0,0,2154
2512,4ae32268,0,0,0,0,0,2154
2513,4abc665a,0,0,0,0,0,2154
2514,51111452,0,0,0,0,0,2153
2515,e52e269d,0,0,0,0,0,2151
2516,d09ae970,0,0,0,0,0,2151
2517,2e080356,0,0,0,0,0,2151
2518,fcaa920b,0,0,0,0,0,2150
2519,86aa8130,0,0,0,0,0,2150
2520,b1f2b682,0,0,0,0,0,2150
2521,0b108f8b,0,0,0,0,0,2145
2522,c959fd39,0,0,0,0,0,2145
2523,8c17af90,0,0,0,0,0,2142
2524,bc254ffc,0,0,0,0,0,2136
2525,1002feac,0,0,0,0,0,2136
2526,84af15d8,0,0,0,0,0,2136
2527,0560c892,0,0,0,0,0,2136
2528,37a517f8,0,0,0,0,0,2136
2529,08f48e8b,0,0,0,0,0,2136
2530,6b682650,0,0,0,0,0,2136
2531,3ccb3eaa,0,0,0,0,0,2136
2532,786da650,0,0,0,0,0,2135
2533,8378e1b6,0,0,0,0,0,2135
2534,ffd44214,0,0,0,0,0,2135
2535,0a774df3,0,0,0,0,0,2134
2536,6b8214d4,0,0,0,0,0,2134
2537,64371f74,0,0,0,0,0,2134
2538,da125f2d,0,0,0,0,0,2126
2539,e7d625f6,0,0,0,0,0,2097
2540,34aba2b3,0,0,0,0,0,2079
2541,6ab2c329,0,0,0,0,0,2060
2542,70e603f8,0,0,0,0,0,2060
2543,28040a3f,0,0,0,0,0,2057
2544,423e1e3f,0,0,0,0,0,2057
2545,3297b7a9,0,0,0,0,0,2055
2546,df4e36c3,0,0,0,0,0,2041
2547,fb22d8ff,0,0,0,0,0,2039
2548,3e8ed5a2,0,0,0,0,0,2029
2549,963e695b,0,0,0,0,0,2026
2550,663560b2,0,0,0,0,0,2025
2551,be46d7fd,0,0,0,0,0,2023
2552,80601602,0,0,0,0,0,2017
2553,fbee216a,0,0,0,0,0,2010
2554,ff89f7d7,0,0,0,0,0,2006
2555,1f8fe36d,0,0,0,0,0,1996
2556,8dedfb3a,0,0,0,0,0,1996
2557,af8e59b6,0,0,0,0,0,1996
2558,f68bde13,0,0,0,0,0,1994
2559,94656519,0,0,0,0,0,1994
2560,a4cd3793,0,0,0,0,0,1993
2561,dc86ba04,0,0,0,0,0,1992
2562,16812c91,0,0,0,0,0,1992
2563,fdfb2a89,0,0,0,0,0,1992
2564,e9cd71c2,0,0,0,0,0,1992
2565,7459a263,0,0,0,0,0,1992
2566,14ff5f37,0,0,0,0,0,1992
2567,58ea63a1,0,0,0,0,0,1992
2568,a5777d70,0,0,0,0,0,1991
2569,7232ac39,0,0,0,0,0,1991
2570,a00783d3,0,0,0,0,0,1991
2571,11cba1d0,0,0,0,0,0,1988
2572,3d9979b5,0,0,0,0,0,1988
2573,931fe1e4,0,0,0,0,0,1988
2574,9a83f4b8,0,0,0,0,0,1988
2575,02370fd5,0,0,0,0,0,1988
2576,5db17582,0,0,0,0,0,1988
2577,89ae855b,0,0,0,0,0,1988
2578,70de3fe3,0,0,0,0,0,1988
2579,2b7a649b,0,0,0,0,0,1988
2580,b98a53ef,0,0,0,0,0,1988
2581,1d9f4dad,0,0,0,0,0,1988
2582,1b200378,0,0,0,0,0,1988
2583,8053d153,0,0,0,0,0,1988
2584,d99e2196,0,0,0,0,0,1988
2585,32cf6447,0,0,0,0,0,1988
2586,d21daa27,0,0,0,0,0,1988
2587,b977a484,0,0,0,0,0,1988
2588,ed71da8c,0,0,0,0,0,1988
2589,3054cfb6,0,0,0,0,0,1988
2590,27c5bef9,0,0,0,0,0,1988
2591,274a041d,0,0,0,0,0,1988
2592,d5bdbadf,0,0,0,0,0,1985
2593,3c58addf,0,0,0,0,0,1982
2594,1ecdb608,0,0,0,0,0,1982
2595,75bdb83e,0,0,0,0,0,1982
2596,9268258f,0,0,0,0,0,1982
2597,2ed551ff,0,0,0,0,0,1982
2598,5929a47f,0,0,0,0,0,1982
2599,40140009,0,0,0,0,0,1981
2600,8c840c91,0,0,0,0,0,1981
2601,5868ceed,0,0,0,0,0,1981
2602,69b509a0,0,0,0,0,0,1981
2603,6ba70b43,0,0,0,0,0,1981
2604,1d43ae82,0,0,0,0,0,1981
2605,a287ab63,0,0,0,0,0,1981
2606,3df5c3d6,0,0,0,0,0,1980
2607,2b573561,0,0,0,0,0,1972
2608,cd4fc8f8,0,0,0,0,0,1972
2609,8e8cfc41,0,0,0,0,0,1971
2610,129fc09f,0,0,0,0,0,1960
2611,52c68d6a,0,0,0,0,0,1947
2612,055030c9,0,0,0,0,0,1926
2613,66c50163,0,0,0,0,0,1926
2614,e6c051ee,0,0,0,0,0,1915
2615,facf463c,0,0,0,0,0,1859
2616,da8e60b2,0,0,0,0,0,1859
2617,da589ff0,0,0,0,0,0,1853
2618,8081dbdc,0,0,0,0,0,1853
2619,58a14cc0,0,0,0,0,0,1845
2620,3c53d690,0,0,0,0,0,1845
2621,472dce01,0,0,0,0,0,1836
2622,c08b6349,0,0,0,0,0,1800
2623,57bb5181,0,0,0,0,0,1800
2624,1b9c13af,0,0,0,0,0,1782
2625,1d6d8ae8,0,0,0,0,0,1782
2626,4046b8fd,0,0,0,0,0,1782
2627,8ae245e2,0,0,0,0,0,1772
2628,ade60972,0,0,0,0,0,1772
2629,df62fd9b,0,0,0,0,0,1772
2630,90d29f6d,0,0,0,0,0,1772
2631,1aff9e92,0,0,0,0,0,1772
2632,a24b592e,0,0,0,0,0,1772
2633,f779a4b6,0,0,0,0,0,1767
2634,28a6d5c4,0,0,0,0,0,1751
2635,3ca9ff6a,0,0,0,0,0,1740
2636,faf00d87,0,0,0,0,0,1740
2637,4918d662,0,0,0,0,0,1734
2638,c08880c2,0,0,0,0,0,1730
2639,e9f8c5b3,0,0,0,0,0,1730
2640,71d05673,0,0,0,0,0,1730
2641,6ca80b65,0,0,0,0,0,1730
2642,cee25004,0,0,0,0,0,1730
2643,2a1617b5,0,0,0,0,0,1730
2644,f44544ec,0,0,0,0,0,1703
2645,fd412e7b,0,0,0,0,0,1703
2646,8ab600bc,0,0,0,0,0,1703
2647,278257e2,0,0,0,0,0,1703
2648,afb3908d,0,0,0,0,0,1702
2649,2ced8b58,0,0,0,0,0,1702
2650,3959ca31,0,0,0,0,0,1678
2651,b85a51b8,0,0,0,0,0,1672
2652,e48091da,0,0,0,0,0,1646
2653,1da6fc21,0,0,0,0,0,1635
2654,aaf638b1,0,0,0,0,0,1635
2655,903c701e,0,0,0,0,0,1630
2656,09bee18b,0,0,0,0,0,1630
2657,4d180773,0,0,0,0,0,1630
2658,cea5b269,0,0,0,0,0,1622
2659,bebee367,0,0,0,0,0,1613
2660,76a85e58,0,0,0,0,0,1613
2661,4d0d23dc,0,0,0,0,0,1613
2662,8c9bf804,0,0,0,0,0,1609
2663,9cc74e60,0,0,0,0,0,1594
2664,b4f1c8ee,0,0,0,0,0,1594
2665,97f1e35a,0,0,0,0,0,1591
2666,a9df4780,0,0,0,0,0,1591
2667,f77bdff5,0,0,0,0,0,1590
2668,fcbfd1d9,0,0,0,0,0,1589
2669,76377612,0,0,0,0,0,1589
2670,564537ae,0,0,0,0,0,1588
2671,113d40ef,0,0,0,0,0,1588
2672,d1c104a8,0,0,0,0,0,1588
2673,191183bf,0,0,0,0,0,1588
2674,26cfea10,0,0,0,0,0,1582
2675,8a54c1b8,0,0,0,0,0,1565
2676,e6844f5d,0,0,0,0,0,1565
2677,a2927f6a,0,0,0,0,0,1563
2678,248cf5c9,0,0,0,0,0,1563
2679,d07ee6fb,0,0,0,0,0,1563
2680,db97c706,0,0,0,0,0,1563
2681,f8eb3bf2,0,0,0,0,0,1562
2682,0aff0348,0,0,0,0,0,1561
2683,857bcfb0,0,0,0,0,0,1557
2684,b1f8cd58,0,0,0,0,0,1557
2685,192acfde,0,0,0,0,0,1555
2686,ab46a448,0,0,0,0,0,1555
2687,e1c5e592,0,0,0,0,0,1555
2688,ee0e084e,0,0,0,0,0,1549
2689,04594b97,0,0,0,0,0,1521
2690,25c6afed,0,0,0,0,0,1521
2691,da5797f4,0,0,0,0,0,1521
2692,b0cdc58b,0,0,0,0,0,1521
2693,bde89fee,0,0,0,0,0,1521
2694,d43ee717,0,0,0,0,0,1521
2695,d5039137,0,0,0,0,0,1520
2696,e8efaea5,0,0,0,0,0,1519
2697,3ca72717,1856,1855,0,1,3,1519
2698,28058b8f,1856,1855,0,1,3,1519
2699,fed4b907,1856,1855,0,1,3,1518
2700,196ee336,1856,1855,0,1,3,1518
2701,ecf4e938,1856,1855,0,1,3,1516
2702,5ae1cff8,1856,1855,0,1,3,1516
2703,922a9ac5,1856,1855,0,1,3,1516
2704,c7a52d51,1856,1855,0,1,3,1516
2705,6ff36912,1856,1855,0,1,3,1515
2706,404b4d13,1856,1855,0,1,3,1515
2707,c5257a77,1856,1855,0,1,3,1515
2708,53bed5b1,1856,1855,0,1,3,1515
2709,07aea2cb,1856,1855,0,1,3,1514
2710,4fa296bb,1856,1855,0,1,3,1514
2711,07c74cd8,1856,1855,0,1,3,1514
2712,9050d812,1856,1855,0,1,3,1514
2713,ace93bbb,1856,1855,0,1,3,1514
2714,8a1b96bf,1856,1855,0,1,3,1512
2715,b5b39efd,1856,1855,0,1,3,1505
2716,4bd79fb3,1856,1855,0,1,3,1513
2717,e07fd9ab,1856,1855,0,1,3,1503
2718,45b23c7e,1857,1856,0,1,3,1503
2719,4f4576ec,1857,1856,0,1,3,1493
2720,a034a34d,1857,1856,0,1,3,1493
2721,1cba813b,1857,1856,0,1,3,1493
2722,55fe0fb1,1858,1857,0,1,3,1469
2723,c757f60b,1858,1857,0,1,3,1461
2724,49989d80,1858,1857,0,1,3,1461
2725,527dce78,1858,1857,0,1,3,1445
2726,643ea6c3,1858,1857,0,1,3,1445
2727,fe6b90a8,1858,1857,0,1,3,1441
2728,f2146cab,1858,1857,0,1,3,1436
2729,9efcba87,1859,1858,0,1,3,1430
2730,a10967a4,1859,1858,0,1,3,1423
2731,272ea1fa,1859,1858,0,1,3,1421
2732,b58e7d46,1854,1853,0,1,3,1401
2733,dcc09e92,1854,1853,0,1,3,1398
2734,b4e0611b,1854,1853,0,1,3,1397
2735,6d17126c,1854,1853,0,1,3,1397
2736,22902593,1854,1853,0,1,3,1396
2737,a65c8e9e,1854,1853,0,1,3,1394
2738,d2b3385b,1854,1853,0,1,3,1394
2739,26a253fc,1854,1853,0,1,3,1393
2740,18e56cc6,1854,1853,0,1,3,1372
2741,5203c669,1856,1855,0,1,3,1371
2742,e8972624,1856,1855,0,1,3,1371
2743,9ac5808b,1855,1854,0,1,3,1369
2744,9560aef4,1855,1854,0,1,3,1371
2745,a424709d,1856,1855,0,1,3,1370
2746,f959d44e,1856,1855,0,1,3,1369
2747,e2a46408,1854,1853,0,1,3,1368
2748,73c67f22,1847,1846,0,1,3,1376
2749,20f4290d,1842,1841,0,1,3,1367
2750,d75c5c2b,1842,1841,0,1,3,1367
2751,0226eaff,1830,1829,0,1,3,1367
2752,1d66105c,1830,1829,0,1,3,1367
2753,e71d8fac,1830,1829,0,1,3,1366
2754,212d7a2e,1830,1829,0,1,3,1366
2755,b24aa018,1830,1829,0,1,3,1365
2756,bb96781e,1830,1829,0,1,3,1357
2757,6076f554,1829,1828,0,1,3,1356
2758,849d1a13,1820,1819,0,1,7,1361
2759,45f16579,1820,1819,0,1,7,1356
2760,0c862432,1819,1818,0,1,7,1353
2761,30320fe2,1819,1818,0,1,7,1354
2762,74ed4dfe,1819,1818,0,1,7,1354
2763,0aa4b818,1819,1818,0,1,7,1353
2764,93557310,1819,1818,0,1,7,1353
2765,fc41f47a,0,0,0,0,0,1353
2766,f70c9742,1819,1818,0,1,7,1353
2767,f215fdcd,1566,1565,0,1,6,1352
2768,26024a3b,1566,1565,0,1,6,1350
2769,db01dbf4,1566,1565,0,1,6,1350
2770,2155361d,1566,1565,0,1,6,1350
2771,9368c5f5,1566,1565,0,1,6,1349
2772,09aee8c4,1566,1565,0,1,6,1347
2773,23425a13,1566,1565,0,1,6,1347
2774,572a370f,1566,1565,0,1,6,1347
2775,d054442c,1566,1565,0,1,6,1347
2776,a4030759,1566,1565,0,1,6,1346
2777,87865c5c,1566,1565,0,1,6,1337
2778,668e1d04,1566,1565,0,1,6,1337
2779,d88e32f9,1566,1565,0,1,6,1334
2780,389272de,1566,1565,0,1,6,1334
2781,45f1a2a7,1566,1565,0,1,6,1333
2782,2ad03705,1566,1565,0,1,6,1332
2783,7c0a1127,1566,1565,0,1,6,1330
2784,1577356f,1566,1565,0,1,6,1329
2785,d992bec7,1566,1565,0,1,6,1326
2786,79c15340,1566,1565,0,1,6,1326
2787,3db12282,1572,1571,0,1,6,1328
2788,703b7968,1572,1571,0,1,6,1325
2789,6228a736,1652,1651,0,1,6,1325
2790,e3cd57a5,1652,1651,0,1,6,1324
2791,5da1bd8f,1652,1651,0,1,6,1324
2792,f182b73e,1652,1651,0,1,6,1321
2793,47dfbfa2,1652,1651,0,1,6,1321
2794,235348ee,1652,1651,0,1,6,1320
2795,42359353,1652,1651,0,1,6,1320
2796,a98d3795,1652,1651,0,1,6,1319
2797,00121176,1652,1651,0,1,6,1319
2798,ea220192,1652,1651,0,1,6,1319
2799,450cb40a,1652,1651,0,1,6,1314
2800,701377e9,1652,1651,0,1,6,1314
2801,0c6aaee0,1652,1651,0,1,6,1314
2802,8f8efa9d,1652,1651,0,1,6,1314
2803,e89bbbbb,1652,1651,0,1,6,1313
2804,2584dbd3,1652,1651,0,1,6,1312
2805,2b2dd593,1652,1651,0,1,6,1312
2806,4a55a8cf,1652,1651,0,1,6,1310
2807,cca56beb,1650,1649,0,1,6,1303
2808,9931a9ca,1650,1649,0,1,6,1302
2809,b1659264,1650,1649,0,1,6,1301
2810,043fe4dd,1650,1649,0,1,6,1302
2811,9581cbc7,1650,1649,0,1,6,1300
2812,ebcb55d6,1650,1649,0,1,6,1309
2813,002f40f9,1660,1659,0,1,6,1288
2814,29666a1a,1664,1663,0,1,6,1293
2815,8d08c38d,1664,1663,0,1,6,1287
2816,b2d063c6,1664,1663,0,1,6,1287
2817,123a68d5,1664,1663,0,1,6,1288
2818,d6d3d364,1664,1663,0,1,6,1286
2819,e2628424,1664,1663,0,1,6,1286
2820,1e4e2041,1664,1663,0,1,6,1285
2821,6459d688,1666,1665,0,1,6,1282
2822,6200a17c,1665,1664,0,1,6,1297
2823,3f52d0bf,1696,1695,0,1,6,1291
2824,b4768fc8,1696,1695,0,1,6,1288
2825,749b02ac,1696,1695,0,1,6,1286
2826,13acc440,1706,1705,0,1,6,1279
2827,77703a7e,1706,1705,0,1,6,1278
2828,c607197f,1706,1705,0,1,6,1277
2829,194e4f52,1706,1705,0,1,6,1276
2830,c78032d6,1706,1705,0,1,6,1276
2831,eb1cab46,1706,1705,0,1,6,1275
2832,db4b6db7,1706,1705,0,1,6,1274
2833,b45b72ef,1704,1703,0,1,6,1274
2834,71060c7e,1704,1703,0,1,6,1274
2835,47a0eb8b,1704,1703,0,1,6,1274
2836,26bb4b6b,1704,1703,0,1,6,1273
2837,1c732809,1704,1703,0,1,6,1273
2838,0561bacc,1696,1695,0,1,6,1272
2839,79b76030,1694,1693,0,1,6,1272
2840,7cf4240b,1688,1687,0,1,6,1271
2841,f16ac3ec,1688,1687,0,1,6,1270
2842,16147b18,1685,1684,0,1,2,1270
2843,eb71f45e,1685,1684,0,1,2,1267
2844,3780b706,1685,1684,0,1,2,1266
2845,a7a70e8c,1686,1685,0,1,2,1266
2846,dee32207,1694,1693,0,1,2,1265
2847,695f353b,1694,1693,0,1,2,1265
2848,10126c70,1694,1693,0,1,2,1265
2849,1e5fe0e0,1704,1703,0,1,2,1265
2850,a3bcad39,1705,1704,0,1,2,1263
2851,4e3908a7,1705,1704,0,1,2,1262
2852,0bc7f671,1705,1704,0,1,2,1262
2853,5f2ad23a,1705,1704,0,1,2,1262
2854,67be267f,1705,1704,0,1,2,1262
2855,68fd176c,1705,1704,0,1,2,1259
2856,ceec7eea,1705,1704,0,1,2,1254
2857,4f7df3d0,1705,1704,0,1,2,1250
2858,1253d7f4,1705,1704,0,1,2,1242
2859,a2cc0a51,1705,1704,0,1,2,1237
2860,56cc2452,1705,1704,0,1,2,1220
2861,70ee2d49,1705,1704,0,1,2,1205
2862,feb6a5fb,1705,1704,0,1,2,1203
2863,e3cdb72d,1705,1704,0,1,2,1203
2864,a6a29892,1705,1704,0,1,2,1147
2865,60571ae8,1705,1704,0,1,2,1140
2866,65702281,1705,1704,0,1,2,1110
2867,ec22a468,1705,1704,0,1,2,1109
2868,fd952c86,1705,1704,0,1,2,1092
2869,6203f30a,1705,1704,0,1,2,1087
2870,0c0e9c7b,1705,1704,0,1,2,1085
2871,7875ab19,1705,1704,0,1,2,1084
2872,db417d80,1728,1727,0,1,2,1083
2873,92ee24ef,1728,1727,0,1,2,1083
2874,fa4a4d3b,1728,1727,0,1,2,1082
2875,b97c7a08,1728,1727,0,1,2,1081
2876,50802106,1728,1727,0,1,2,1079
2877,8d87cf51,1728,1727,0,1,2,1061
2878,c3bdc891,1728,1727,0,1,2,1061
2879,769e9fab,1728,1727,0,1,2,1060
2880,d4be433a,1728,1727,0,1,2,1057
2881,f121b302,1728,1727,0,1,2,1057
2882,29fce2ff,1728,1727,0,1,2,1057
2883,efe6d8b8,1728,1727,0,1,2,1057
2884,33d2bdc5,1728,1727,0,1,2,1057
2885,4a9b00b5,1728,1727,0,1,2,1057
2886,3aa9c1fd,1728,1727,0,1,2,1052
2887,1614c251,1728,1727,0,1,2,1035
2888,cbe00beb,1728,1727,0,1,2,1035
2889,6e76a8b3,1728,1727,0,1,2,1036
2890,ec992797,1728,1727,0,1,2,1035
2891,b2f09ae0,1728,1727,0,1,2,1034
2892,6fec5136,1728,1727,0,1,2,1030
2893,7f3539c1,1728,1727,0,1,2,1024
2894,9eb00018,1728,1727,0,1,2,1014
2895,d711bd63,1728,1727,0,1,2,1013
2896,8e486b35,1728,1727,0,1,2,1001
2897,0fb2060f,1728,1727,0,1,2,999
2898,678cc1bc,1728,1727,0,1,2,999
2899,74682440,1728,1727,0,1,2,1013
2900,82967da4,1728,1727,0,1,2,997
2901,49487b4f,1728,1727,0,1,2,990
2902,49cdb631,1728,1727,0,1,2,990
2903,9e8ab715,625,624,0,1,0,990
2904,ac903420,1728,1727,0,1,2,990
2905,447e276f,1728,1727,0,1,2,988
2906,a1d6db5e,1728,1727,0,1,2,987
2907,c4466398,1728,1727,0,1,2,987
2908,37c80064,1728,1727,0,1,2,991
2909,674df3aa,1728,1727,0,1,2,985
2910,ab7be3fd,1728,1727,0,1,2,986
2911,8ebb6295,1728,1727,0,1,2,983
2912,2b6f7e53,1728,1727,0,1,2,983
2913,2a4220a3,1728,1727,0,1,2,983
2914,e72d745e,1728,1727,0,1,2,984
2915,1eab9876,1735,1734,0,1,2,984
2916,309afeff,1735,1734,0,1,2,983
2917,8150e37c,1735,1734,0,1,2,983
2918,6ce03c4d,1735,1734,0,1,2,983
2919,59a1bf44,1735,1734,0,1,2,983
2920,f4bb8fec,1735,1734,0,1,2,983
2921,160bac0c,1735,1734,0,1,2,982
2922,64470a97,1735,1734,0,1,2,982
2923,e92c75be,1735,1734,0,1,2,1010
2924,b74cb12d,1735,1734,0,1,2,982
2925,75ca5193,1735,1734,0,1,2,982
2926,369592d3,1735,1734,0,1,2,982
2927,b21785b7,1735,1734,0,1,2,982
2928,3e5df337,1735,1734,0,1,2,982
2929,d799a588,1735,1734,0,1,2,983
2930,bbaf8af5,1735,1734,0,1,2,997
2931,b518e3d8,1735,1734,0,1,2,981
2932,9058b1b8,1735,1734,0,1,2,981
2933,f3ae401e,1735,1734,0,1,2,981
2934,1b6175d7,1735,1734,0,1,2,981
2935,83f9ab8d,1735,1734,0,1,2,981
2936,eb0ee46c,1735,1734,0,1,2,977
2937,65802bc8,1735,1734,0,1,2,975
2938,3c25ca72,1735,1734,0,1,2,974
2939,a93c8d4d,1735,1734,0,1,2,970
2940,56b43f38,1735,1734,0,1,2,970
2941,de59e984,1735,1734,0,1,2,965
2942,d3e34f70,1735,1734,0,1,2,960
2943,03de3ab1,1735,1734,0,1,2,957
2944,4ee9d310,1735,1734,0,1,2,943
2945,b4520067,0,0,0,0,0,939
2946,5797e247,1735,1734,0,1,2,939
2947,836e953d,1735,1734,0,1,2,933
2948,f4af4096,1735,1734,0,1,2,933
2949,3e72f973,1735,1734,0,1,2,933
2950,6a0dc585,1735,1734,0,1,2,932
2951,0c2b8e8a,1735,1734,0,1,2,929
2952,df4b6d5c,1735,1734,0,1,2,927
2953,b7a945ff,1735,1734,0,1,2,927
2954,eac6c062,1735,1734,0,1,2,931
2955,6b410fe0,1735,1734,0,1,2,927
2956,6275a39c,1736,1735,0,1,2,924
2957,59ee896f,1736,1735,0,1,2,924
2958,4450221b,1736,1735,0,1,2,920
2959,bf18e7d0,1736,1735,0,1,2,920
2960,354ae358,1736,1735,0,1,2,920
2961,812f18b4,1735,1734,0,1,2,910
2962,df415c4f,1735,1734,0,1,2,904
2963,8c4cad00,1735,1734,0,1,2,904
2964,50e7dd51,632,631,0,1,0,904
2965,7824d98d,1735,1734,0,1,2,904
2966,123bd993,1735,1734,0,1,2,900
2967,60199988,1735,1734,0,1,2,881
2968,1f06087f,1735,1734,0,1,2,881
2969,e6ca403d,1735,1734,0,1,2,875
2970,f59702d6,1735,1734,0,1,2,874
2971,972f0158,1735,1734,0,1,2,858
2972,f8653a01,1735,1734,0,1,2,883
2973,74ae768e,1735,1734,0,1,2,846
2974,39023dfe,1735,1734,0,1,2,846
2975,d950fa6e,1735,1734,0,1,2,846
2976,285674e4,1735,1734,0,1,2,846
2977,7146a36f,1735,1734,0,1,2,846
2978,fa11ab38,1735,1734,0,1,2,846
2979,a2a55f82,1738,1737,0,1,2,847
2980,7f566879,1738,1737,0,1,2,846
2981,07bd2e26,1738,1737,0,1,2,835
2982,35a2ff26,1738,1737,0,1,2,835
2983,adf8691d,1741,1740,0,1,2,820
2984,e6844906,1741,1740,0,1,2,820
2985,c44a10df,1741,1740,0,1,2,820
2986,9710652c,1741,1740,0,1,2,820
2987,8ccdf119,1741,1740,0,1,2,819
2988,3fac3a44,1741,1740,0,1,2,819
2989,72d9b378,1741,1740,0,1,2,816
2990,8fdc2ec1,1741,1740,0,1,2,816
2991,7fbbe7c9,1744,1743,0,1,2,812
2992,8a45e860,1744,1743,0,1,2,811
2993,81c1bc4d,1744,1743,0,1,2,789
2994,91f9278b,1744,1743,0,1,2,762
2995,d71d0f5a,1754,1753,0,1,2,759
2996,1afa421f,1754,1753,0,1,2,760
2997,2267ef26,1756,1755,0,1,2,751
2998,fdff6b6c,1756,1755,0,1,2,747
2999,07a9714f,1756,1755,0,1,2,746
3000,8603a61b,1756,1755,0,1,2,740
3001,9e6287c8,1756,1755,0,1,2,736
3002,19a87e0c,1757,1756,0,1,2,735
3003,a0aa438b,1757,1756,0,1,2,746
3004,b535a281,1756,1756,0,0,2,755
3005,8e42474a,1730,1730,0,0,2,755
3006,669020cc,1730,1730,0,0,2,719
3007,b717fde2,1730,1730,0,0,2,1203
3008,e2c63eae,1730,1730,0,0,2,716
3009,a0febeb6,1730,1730,0,0,2,710
3010,88a48b28,1730,1730,0,0,2,705
3011,d9294562,1730,1730,0,0,2,705
3012,39cec467,1730,1730,0,0,2,705
3013,00012c57,1730,1730,0,0,2,704
3014,90e34878,1731,1731,0,0,2,689
3015,1fc46800,1731,1731,0,0,2,683
3016,c9dc2c92,1731,1731,0,0,2,679
3017,08b35c7f,1731,1731,0,0,2,678
3018,a478ed1b,1731,1731,0,0,2,678
3019,8f6f6a53,1731,1731,0,0,2,677
3020,d5e13928,1729,1729,0,0,2,676
3021,5d21af48,1729,1729,0,0,2,665
3022,a1adf791,1729,1729,0,0,2,643
3023,35949e40,1729,1729,0,0,2,643
3024,d6559949,1729,1729,0,0,2,636
3025,90c07f34,1729,1729,0,0,2,636
3026,7d523e91,1729,1729,0,0,2,639
3027,df2cab76,1729,1729,0,0,2,635
3028,25748c48,1729,1729,0,0,2,630
3029,4d3b3ee2,1729,1729,0,0,2,616
3030,47ffb6a5,1729,1729,0,0,2,616
3031,d62616bb,1729,1729,0,0,2,608
3032,e1f48e78,1759,1759,0,0,2,602
3033,989ad047,1759,1759,0,0,2,599
3034,72af7cf5,1759,1759,0,0,2,586
3035,9552d5dd,1764,1764,0,0,2,582
3036,742bc47a,1765,1765,0,0,2,581
3037,d0541123,1765,1765,0,0,2,574
3038,f3c418c5,1765,1765,0,0,2,574
3039,8602215f,1765,1765,0,0,2,573
3040,070f30fd,1765,1765,0,0,2,573
3041,1d56c27e,1783,1783,0,0,2,573
3042,6cff260e,1783,1783,0,0,2,573
3043,e06af3d5,1775,1775,0,0,2,568
3044,52c6cf70,1767,1767,0,0,2,568
3045,a1c63d46,1767,1767,0,0,2,566
3046,bca9a873,1767,1767,0,0,2,563
3047,434d5e50,1767,1767,0,0,2,563
3048,3d502c9a,1767,1767,0,0,2,563
3049,830263d2,1767,1767,0,0,2,563
3050,8adc6c32,1767,1767,0,0,2,563
3051,846a2556,1767,1767,0,0,2,563
3052,41a7f5f7,1767,1767,0,0,2,563
3053,6c1e4676,1767,1767,0,0,2,563
3054,83bc2c49,1767,1767,0,0,2,563
3055,810e56b4,1767,1767,0,0,2,563
3056,8be68196,1767,1767,0,0,2,563
3057,ebccd5d2,1767,1767,0,0,2,563
3058,667fc9e2,1767,1767,0,0,2,563
3059,a5dac4c6,1767,1767,0,0,2,563
3060,86b1a3b7,1767,1767,0,0,2,563
3061,35a63d34,1766,1766,0,0,2,563
3062,b34007df,1766,1766,0,0,2,557
3063,a2ebb628,1766,1766,0,0,2,558
3064,2744c734,1766,1766,0,0,2,553
3065,167dbc75,1766,1766,0,0,2,553
3066,782d8e40,1766,1766,0,0,2,553
3067,f71ee388,1766,1766,0,0,2,551
3068,40173ca0,1766,1766,0,0,2,550
3069,f765a81b,1786,1786,0,0,2,548
3070,eaa8c5f6,1786,1786,0,0,2,547
3071,711672a6,1786,1786,0,0,2,547
3072,3fd383f8,1786,1786,0,0,2,547
3073,56463de3,1786,1786,0,0,2,548
3074,54a341ea,1786,1786,0,0,2,558
3075,634886ab,1786,1786,0,0,2,546
3076,3730b03a,1786,1786,0,0,2,548
3077,a8fc99f4,1786,1786,0,0,2,542
3078,3aec96d3,1786,1786,0,0,2,567
3079,87cc64fc,1786,1786,0,0,2,541
3080,82a99324,1858,1858,0,0,2,572
3081,0812192f,1858,1858,0,0,2,541
3082,071fa68a,1858,1858,0,0,2,538
3083,26991b80,1858,1858,0,0,2,563
3084,303e435d,1858,1858,0,0,2,537
3085,5a8a6d0f,1861,1861,0,0,2,528
3086,38a41fea,1861,1861,0,0,2,528
3087,910f2338,1861,1861,0,0,2,525
3088,81f8811f,1861,1861,0,0,2,525
3089,afa8f5ec,1861,1860,0,1,2,521
3090,95dbbf09,1893,1893,0,0,2,519
3091,3575cff3,1893,1893,0,0,2,522
3092,4401991d,1894,1894,0,0,2,522
3093,d1c4199d,1894,1894,0,0,2,518
3094,6559b603,1894,1894,0,0,2,518
3095,5bcf6b61,1894,1894,0,0,2,509
3096,d601aff6,1894,1894,0,0,2,501
3097,934a6d5e,1894,1894,0,0,2,803
3098,85eec39f,1894,1894,0,0,2,621
3099,42cae699,1894,1894,0,0,2,502
3100,53e17255,1894,1894,0,0,2,499
3101,24b3f71a,1894,1894,0,0,2,498
3102,ad47e950,1894,1894,0,0,2,498
3103,61f3a943,1894,1894,0,0,2,494
3104,f4fb8b5e,1894,1894,0,0,2,494
3105,56ef8b86,1894,1894,0,0,2,492
3106,99f7d2b7,1894,1894,0,0,2,481
3107,ffa0530b,1894,1894,0,0,2,481
3108,1928f8db,1882,1882,0,0,2,471
3109,98daeabc,1883,1883,0,0,2,472
3110,92100e13,1883,1883,0,0,2,456
3111,9ea79c68,1883,1883,0,0,2,451
3112,a93d5c0c,1884,1884,0,0,2,451
3113,272f0029,1884,1884,0,0,2,449
3114,3e484c08,1884,1884,0,0,2,450
3115,12ec6f15,1885,1885,0,0,2,439
3116,177fc804,1885,1885,0,0,2,438
3117,e26d5376,1885,1885,0,0,2,433
3118,76a12fc4,1886,1886,0,0,2,430
3119,9cfdd54c,1886,1886,0,0,2,399
3120,54635116,1886,1886,0,0,2,392
3121,62e0ecd5,1886,1886,0,0,2,387
3122,c7a766ef,1886,1886,0,0,2,391
3123,c6a4a9b3,1886,1886,0,0,2,383
3124,a22d8898,1888,1888,0,0,2,386
3125,f268d192,1888,1888,0,0,2,378
3126,445b61a0,1888,1888,0,0,2,365
3127,da28440a,1889,1889,0,0,2,371
3128,517e5c8d,1889,1889,0,0,2,364
3129,84bd2909,1889,1889,0,0,2,363
3130,ec82acc8,1889,1889,0,0,2,361
3131,93e3d0f4,1889,1889,0,0,2,360
3132,9a967de6,1889,1889,0,0,2,361
3133,98668653,1889,1889,0,0,2,360
3134,66f8ca1f,1889,1889,0,0,2,355
3135,a0a2ae05,1889,1889,0,0,2,355
3136,5bdcb242,1889,1889,0,0,2,354
3137,ff6308a6,1890,1890,0,0,2,350
3138,889159b9,1890,1890,0,0,2,347
3139,f6da2bac,1894,1894,0,0,2,325
3140,4f47c4ab,1894,1893,0,1,2,324
3141,25205904,1895,1895,0,0,2,316
3142,3360a69c,1895,1895,0,0,2,316
3143,fa08f540,1895,1895,0,0,2,311
3144,45c45d53,1895,1895,0,0,2,306
3145,feaa72e6,1895,1895,0,0,2,295
3146,848abe93,1895,1895,0,0,2,289
3147,20266db7,1895,1895,0,0,2,289
3148,ae672505,1896,1896,0,0,2,287
3149,4b5a2f44,1896,1896,0,0,2,282
3150,14e2f3bf,1896,1896,0,0,2,282
3151,07716e58,1896,1896,0,0,2,282
3152,aec05031,1896,1896,0,0,2,282
3153,dd945fe4,1896,1896,0,0,2,282
3154,37c1a9da,1896,1896,0,0,2,282
3155,e13e4ff5,1896,1896,0,0,2,282
3156,e249e56c,1896,1896,0,0,2,282
3157,c1de3c42,1896,1896,0,0,2,282
3158,d0c76ef0,1896,1896,0,0,2,281
3159,594e5fce,1896,1896,0,0,2,276
3160,9bc49cc4,1896,1896,0,0,2,284
3161,1a70490a,1896,1896,0,0,2,330
3162,1c55aa15,1896,1896,0,0,2,324
3163,5000f346,1896,1896,0,0,2,316
3164,ee5437c1,1896,1896,0,0,2,287
3165,ee26e23b,1896,1896,0,0,2,287
3166,0524eed4,1896,1896,0,0,2,287
3167,6395fa7c,1896,1896,0,0,2,286
3168,918ac153,1896,1896,0,0,2,284
3169,12a65795,1896,1896,0,0,2,270
3170,f9b46db6,1896,1896,0,0,2,267
3171,a2df6f1e,1896,1896,0,0,2,256
3172,e73b33c1,1896,1896,0,0,2,252
3173,1026a1e5,1896,1896,0,0,2,251
3174,65c6c250,1897,1897,0,0,2,248
3175,feb03774,1899,1899,0,0,2,244
3176,02197ea0,1899,1899,0,0,2,243
3177,f8fa3f36,1899,1899,0,0,2,243
3178,c9489606,1899,1899,0,0,2,237
3179,1cd0f737,1899,1899,0,0,2,239
3180,f6333a50,1899,1899,0,0,2,236
3181,bf1822c5,1903,1903,0,0,2,236
3182,460abd74,1903,1903,0,0,2,219
3183,b7f85110,1903,1903,0,0,2,219
3184,400771a1,1903,1903,0,0,2,219
3185,956b8194,1903,1903,0,0,2,219
3186,712148ec,1903,1903,0,0,2,219
3187,75f9adea,1903,1903,0,0,2,219
3188,51e2647d,1903,1903,0,0,2,218
3189,871ee6bd,1903,1903,0,0,2,213
3190,689613ee,1903,1903,0,0,2,210
3191,22cf9671,1903,1903,0,0,2,210
3192,8d5cfd32,1903,1903,0,0,2,206
3193,25c12491,1904,1904,0,0,2,203
3194,36e1bde6,1904,1904,0,0,2,181
3195,8458ba0b,1904,1904,0,0,2,189
3196,d4308d04,1904,1904,0,0,2,188
3197,a0b4dbb3,1904,1904,0,0,2,193
3198,82852235,1904,1904,0,0,2,192
3199,6a02e818,1904,1904,0,0,2,177
3200,3b0a7aee,1904,1904,0,0,2,172
3201,1bb34465,1904,1904,0,0,2,171
3202,b71e2fcb,1904,1904,0,0,2,164
3203,3c9f1f85,1904,1904,0,0,2,156
3204,c2e6f925,1904,1904,0,0,2,152
3205,0940d356,1904,1904,0,0,2,145
3206,004bc859,1904,1904,0,0,2,145
3207,af3a7526,1904,1904,0,0,2,144
3208,f9ea1b62,1904,1904,0,0,2,144
3209,17fce411,1904,1904,0,0,2,144
3210,e6a7fe8a,1904,1904,0,0,2,144
3211,4b295dff,1901,1901,0,0,2,144
3212,59491adb,1901,1901,0,0,2,143
3213,744c9d80,1901,1901,0,0,2,140
3214,f2e9ad3b,1901,1901,0,0,2,141
3215,c39117e3,1901,1901,0,0,2,134
3216,a0184188,1901,1901,0,0,2,130
3217,de5c6a23,1901,1901,0,0,2,127
3218,8aea7da1,1901,1901,0,0,2,125
3219,ea9c6ef9,1901,1901,0,0,2,114
3220,3de88293,1901,1901,0,0,2,114
3221,8b29c068,1901,1901,0,0,2,114
3222,b6b89a72,1901,1901,0,0,2,114
3223,d41d67fa,1901,1901,0,0,2,114
3224,24321d26,1901,1901,0,0,2,109
3225,118e7359,1901,1901,0,0,2,108
3226,d9449513,1901,1901,0,0,2,108
3227,1174c240,1907,1907,0,0,2,108
3228,567b53d4,1907,1907,0,0,2,108
3229,e0c19c0b,1907,1907,0,0,2,108
3230,2404540f,1865,1865,0,0,2,108
3231,5875ca1c,1865,1865,0,0,2,107
3232,10e2deb2,1865,1865,0,0,2,107
3233,879a063b,1865,1865,0,0,2,106
3234,bde58d6a,1865,1865,0,0,2,104
3235,73c1530b,1867,1867,0,0,2,98
3236,e0c04906,1867,1867,0,0,2,95
3237,3f09dbee,1867,1867,0,0,2,93
3238,f5975881,1867,1867,0,0,2,91
3239,935abae0,1867,1867,0,0,2,89
3240,8f31e633,1867,1867,0,0,2,85
3241,58a17cc5,1868,1867,0,1,2,82
3242,656d0dd4,1868,1868,0,0,2,80
3243,13137eb6,1868,1868,0,0,2,66
3244,09f50cd8,1872,1872,0,0,2,66
3245,d8d7ad37,1872,1872,0,0,2,63
3246,b151df7e,1872,1872,0,0,2,60
3247,d8711121,1872,1872,0,0,2,55
3248,c4b2a848,1872,1872,0,0,2,54
3249,6693c186,1872,1872,0,0,2,50
3250,b704baf4,1872,1872,0,0,2,50
3251,bb04d078,1872,1872,0,0,2,192
3252,646257e1,1872,1871,0,1,2,37
3253,80f61935,1872,1872,0,0,2,191
3254,f5d3c14a,1873,1873,0,0,2,108
3255,f36637dc,1873,1873,0,0,2,50
3256,e02467e3,1873,1873,0,0,2,37
3257,20726519,1873,1873,0,0,2,37
3258,8580d7fd,1873,1873,0,0,2,37
3259,1c171e14,1873,1873,0,0,2,37
3260,82432f50,1873,1873,0,0,2,37
3261,0805cfe5,1873,1873,0,0,2,37
3262,64324678,1873,1873,0,0,2,37
